national_dex,species,internal_id,category,habitat,maps,access,unlock,family
1,Bulbasaur,1,comum,Sky Pillar,MAP_SKY_PILLAR_1F; MAP_SKY_PILLAR_3F; MAP_SKY_PILLAR_5F,grama/caverna,progressão evolutiva pela média regional,Bulbasaur
2,Ivysaur,2,comum,Sky Pillar,MAP_SKY_PILLAR_1F; MAP_SKY_PILLAR_3F; MAP_SKY_PILLAR_5F,grama/caverna,progressão evolutiva pela média regional,Bulbasaur
3,Venusaur,3,comum,Sky Pillar,MAP_SKY_PILLAR_1F; MAP_SKY_PILLAR_3F; MAP_SKY_PILLAR_5F,grama/caverna,progressão evolutiva pela média regional,Bulbasaur
4,Charmander,4,comum,Sky Pillar,MAP_SKY_PILLAR_1F; MAP_SKY_PILLAR_3F; MAP_SKY_PILLAR_5F,grama/caverna,progressão evolutiva pela média regional,Charmander
5,Charmeleon,5,comum,Sky Pillar,MAP_SKY_PILLAR_1F; MAP_SKY_PILLAR_3F; MAP_SKY_PILLAR_5F,grama/caverna,progressão evolutiva pela média regional,Charmander
6,Charizard,6,comum,Sky Pillar,MAP_SKY_PILLAR_1F; MAP_SKY_PILLAR_3F; MAP_SKY_PILLAR_5F,grama/caverna,progressão evolutiva pela média regional,Charmander
7,Squirtle,7,comum,Lilycove City,MAP_LILYCOVE_CITY,Surf/pesca,progressão evolutiva pela média regional,Squirtle
8,Wartortle,8,comum,Lilycove City,MAP_LILYCOVE_CITY,Surf/pesca,progressão evolutiva pela média regional,Squirtle
9,Blastoise,9,comum,Lilycove City,MAP_LILYCOVE_CITY,Surf/pesca,progressão evolutiva pela média regional,Squirtle
10,Caterpie,10,comum,Route 17,MAP_ROUTE17,grama/caverna,progressão evolutiva pela média regional,Caterpie
11,Metapod,11,comum,Route 17,MAP_ROUTE17,grama/caverna,progressão evolutiva pela média regional,Caterpie
12,Butterfree,12,comum,Route 17,MAP_ROUTE17,grama/caverna,progressão evolutiva pela média regional,Caterpie
13,Weedle,13,comum,Route 120,MAP_ROUTE120,grama/caverna e água local,progressão evolutiva pela média regional,Weedle
14,Kakuna,14,comum,Route 120,MAP_ROUTE120,grama/caverna e água local,progressão evolutiva pela média regional,Weedle
15,Beedrill,15,comum,Route 120,MAP_ROUTE120,grama/caverna e água local,progressão evolutiva pela média regional,Weedle
16,Pidgey,16,comum,Birth Island Frlg,MAP_JOURNEYWORLDSEA08,grama/caverna e água local,progressão evolutiva pela média regional,Pidgey
17,Pidgeotto,17,comum,Birth Island Frlg,MAP_JOURNEYWORLDSEA08,grama/caverna e água local,progressão evolutiva pela média regional,Pidgey
18,Pidgeot,18,comum,Birth Island Frlg,MAP_JOURNEYWORLDSEA08,grama/caverna e água local,progressão evolutiva pela média regional,Pidgey
19,Rattata,19,comum,Route 121,MAP_ROUTE121,grama/caverna e água local,progressão evolutiva pela média regional,Rattata
19,Rattata Alola,956,forma regional,Route 121,MAP_ROUTE121,grama/caverna e água local,progressão evolutiva pela média regional,Rattata
20,Raticate,20,comum,Route 121,MAP_ROUTE121,grama/caverna e água local,progressão evolutiva pela média regional,Rattata
20,Raticate Alola,957,forma regional,Route 121,MAP_ROUTE121,grama/caverna e água local,progressão evolutiva pela média regional,Rattata
21,Spearow,21,comum,Route 8,MAP_ROUTE8,grama/caverna,progressão evolutiva pela média regional,Spearow
22,Fearow,22,comum,Route 8,MAP_ROUTE8,grama/caverna,progressão evolutiva pela média regional,Spearow
23,Ekans,23,comum,Petalburg Woods,MAP_PETALBURG_WOODS,grama/caverna,progressão evolutiva pela média regional,Ekans
24,Arbok,24,comum,Petalburg Woods,MAP_PETALBURG_WOODS,grama/caverna,progressão evolutiva pela média regional,Ekans
25,Pikachu,25,comum,Route 3,MAP_ROUTE3,grama/caverna,progressão evolutiva pela média regional,Pichu
26,Raichu,26,comum,Route 3,MAP_ROUTE3,grama/caverna,progressão evolutiva pela média regional,Pichu
26,Raichu Alola,958,forma regional,Route 3,MAP_ROUTE3,grama/caverna,progressão evolutiva pela média regional,Pichu
27,Sandshrew,27,comum,Kindle Road,MAP_ONE_ISLAND_KINDLE_ROAD,grama/caverna e água local,progressão evolutiva pela média regional,Sandshrew
27,Sandshrew Alola,959,forma regional,Kindle Road,MAP_ONE_ISLAND_KINDLE_ROAD,grama/caverna e água local,progressão evolutiva pela média regional,Sandshrew
28,Sandslash,28,comum,Kindle Road,MAP_ONE_ISLAND_KINDLE_ROAD,grama/caverna e água local,progressão evolutiva pela média regional,Sandshrew
28,Sandslash Alola,960,forma regional,Kindle Road,MAP_ONE_ISLAND_KINDLE_ROAD,grama/caverna e água local,progressão evolutiva pela média regional,Sandshrew
29,Nidoran F,29,comum,Pokemon Tower,MAP_POKEMON_TOWER_3F; MAP_POKEMON_TOWER_4F; MAP_POKEMON_TOWER_5F; MAP_POKEMON_TOWER_6F; MAP_POKEMON_TOWER_7F,grama/caverna,progressão evolutiva pela média regional,Nidoran F
30,Nidorina,30,comum,Pokemon Tower,MAP_POKEMON_TOWER_3F; MAP_POKEMON_TOWER_4F; MAP_POKEMON_TOWER_5F; MAP_POKEMON_TOWER_6F; MAP_POKEMON_TOWER_7F,grama/caverna,progressão evolutiva pela média regional,Nidoran F
31,Nidoqueen,31,comum,Pokemon Tower,MAP_POKEMON_TOWER_3F; MAP_POKEMON_TOWER_4F; MAP_POKEMON_TOWER_5F; MAP_POKEMON_TOWER_6F; MAP_POKEMON_TOWER_7F,grama/caverna,progressão evolutiva pela média regional,Nidoran F
32,Nidoran M,32,comum,Rusturf Tunnel,MAP_RUSTURF_TUNNEL,grama/caverna,progressão evolutiva pela média regional,Nidoran M
33,Nidorino,33,comum,Rusturf Tunnel,MAP_RUSTURF_TUNNEL,grama/caverna,progressão evolutiva pela média regional,Nidoran M
34,Nidoking,34,comum,Rusturf Tunnel,MAP_RUSTURF_TUNNEL,grama/caverna,progressão evolutiva pela média regional,Nidoran M
35,Clefairy,35,comum,Three Isle Port,MAP_JOURNEYWORLDSEA03; MAP_THREE_ISLAND_PORT,grama/caverna e água local,progressão evolutiva pela média regional,Cleffa
36,Clefable,36,comum,Three Isle Port,MAP_JOURNEYWORLDSEA03; MAP_THREE_ISLAND_PORT,grama/caverna e água local,progressão evolutiva pela média regional,Cleffa
37,Vulpix,37,comum,Route 14,MAP_ROUTE14,grama/caverna,progressão evolutiva pela média regional,Vulpix
37,Vulpix Alola,961,forma regional,Route 14,MAP_ROUTE14,grama/caverna,progressão evolutiva pela média regional,Vulpix
38,Ninetales,38,comum,Route 14,MAP_ROUTE14,grama/caverna,progressão evolutiva pela média regional,Vulpix
38,Ninetales Alola,962,forma regional,Route 14,MAP_ROUTE14,grama/caverna,progressão evolutiva pela média regional,Vulpix
39,Jigglypuff,39,comum,Route 2,MAP_ROUTE2,grama/caverna,progressão evolutiva pela média regional,Igglybuff
40,Wigglytuff,40,comum,Route 2,MAP_ROUTE2,grama/caverna,progressão evolutiva pela média regional,Igglybuff
41,Zubat,41,comum,Viridian Forest,MAP_VIRIDIAN_FOREST,grama/caverna,progressão evolutiva pela média regional,Zubat
42,Golbat,42,comum,Viridian Forest,MAP_VIRIDIAN_FOREST,grama/caverna,progressão evolutiva pela média regional,Zubat
43,Oddish,43,comum,Route 119,MAP_ROUTE119,grama/caverna e água local,progressão evolutiva pela média regional,Oddish
44,Gloom,44,comum,Route 119,MAP_ROUTE119,grama/caverna e água local,progressão evolutiva pela média regional,Oddish
45,Vileplume,45,comum,Route 119,MAP_ROUTE119,grama/caverna e água local,progressão evolutiva pela média regional,Oddish
46,Paras,46,comum,Five Isle Meadow,MAP_FIVE_ISLAND_MEADOW,grama/caverna e água local,progressão evolutiva pela média regional,Paras
47,Parasect,47,comum,Five Isle Meadow,MAP_FIVE_ISLAND_MEADOW,grama/caverna e água local,progressão evolutiva pela média regional,Paras
48,Venonat,48,comum,Route 104,MAP_ROUTE104,grama/caverna e água local,progressão evolutiva pela média regional,Venonat
49,Venomoth,49,comum,Route 104,MAP_ROUTE104,grama/caverna e água local,progressão evolutiva pela média regional,Venonat
50,Diglett,50,comum,Kanto Victory Road,MAP_VICTORY_ROAD_1F_FRLG; MAP_VICTORY_ROAD_2F; MAP_VICTORY_ROAD_3F,grama/caverna,progressão evolutiva pela média regional,Diglett
50,Diglett Alola,963,forma regional,Kanto Victory Road,MAP_VICTORY_ROAD_1F_FRLG; MAP_VICTORY_ROAD_2F; MAP_VICTORY_ROAD_3F,grama/caverna,progressão evolutiva pela média regional,Diglett
51,Dugtrio,51,comum,Kanto Victory Road,MAP_VICTORY_ROAD_1F_FRLG; MAP_VICTORY_ROAD_2F; MAP_VICTORY_ROAD_3F,grama/caverna,progressão evolutiva pela média regional,Diglett
51,Dugtrio Alola,964,forma regional,Kanto Victory Road,MAP_VICTORY_ROAD_1F_FRLG; MAP_VICTORY_ROAD_2F; MAP_VICTORY_ROAD_3F,grama/caverna,progressão evolutiva pela média regional,Diglett
52,Meowth,52,comum,Route 8,MAP_ROUTE8,grama/caverna,progressão evolutiva pela média regional,Meowth
52,Meowth Alola,965,forma regional,Route 8,MAP_ROUTE8,grama/caverna,progressão evolutiva pela média regional,Meowth
52,Meowth Galar,974,forma regional,Route 8,MAP_ROUTE8,grama/caverna,progressão evolutiva pela média regional,Meowth
53,Persian,53,comum,Route 8,MAP_ROUTE8,grama/caverna,progressão evolutiva pela média regional,Meowth
53,Persian Alola,966,forma regional,Route 8,MAP_ROUTE8,grama/caverna,progressão evolutiva pela média regional,Meowth
54,Psyduck,54,comum,Route 110,MAP_ROUTE110,grama/caverna e água local,progressão evolutiva pela média regional,Psyduck
55,Golduck,55,comum,Route 110,MAP_ROUTE110,grama/caverna e água local,progressão evolutiva pela média regional,Psyduck
56,Mankey,56,comum,Ruin Valley,MAP_SIX_ISLAND_RUIN_VALLEY,grama/caverna e água local,progressão evolutiva pela média regional,Mankey
57,Primeape,57,comum,Ruin Valley,MAP_SIX_ISLAND_RUIN_VALLEY,grama/caverna e água local,progressão evolutiva pela média regional,Mankey
58,Growlithe,58,comum,Meteor Falls,MAP_METEOR_FALLS_1F_1R; MAP_METEOR_FALLS_1F_2R; MAP_METEOR_FALLS_B1F_1R; MAP_METEOR_FALLS_B1F_2R; MAP_METEOR_FALLS_STEVENS_CAVE,grama/caverna e água local,progressão evolutiva pela média regional,Growlithe
58,Growlithe Hisui,993,forma regional,Meteor Falls,MAP_METEOR_FALLS_1F_1R; MAP_METEOR_FALLS_1F_2R; MAP_METEOR_FALLS_B1F_1R; MAP_METEOR_FALLS_B1F_2R; MAP_METEOR_FALLS_STEVENS_CAVE,grama/caverna e água local,progressão evolutiva pela média regional,Growlithe
59,Arcanine,59,comum,Meteor Falls,MAP_METEOR_FALLS_1F_1R; MAP_METEOR_FALLS_1F_2R; MAP_METEOR_FALLS_B1F_1R; MAP_METEOR_FALLS_B1F_2R; MAP_METEOR_FALLS_STEVENS_CAVE,grama/caverna e água local,progressão evolutiva pela média regional,Growlithe
59,Arcanine Hisui,994,forma regional,Meteor Falls,MAP_METEOR_FALLS_1F_1R; MAP_METEOR_FALLS_1F_2R; MAP_METEOR_FALLS_B1F_1R; MAP_METEOR_FALLS_B1F_2R; MAP_METEOR_FALLS_STEVENS_CAVE,grama/caverna e água local,progressão evolutiva pela média regional,Growlithe
60,Poliwag,60,comum,Route 105,MAP_ROUTE105,Surf/pesca,progressão evolutiva pela média regional,Poliwag
61,Poliwhirl,61,comum,Route 105,MAP_ROUTE105,Surf/pesca,progressão evolutiva pela média regional,Poliwag
62,Poliwrath,62,comum,Route 105,MAP_ROUTE105,Surf/pesca,progressão evolutiva pela média regional,Poliwag
63,Abra,63,comum,Memorial Pillar,MAP_FIVE_ISLAND_MEMORIAL_PILLAR,grama/caverna e água local,progressão evolutiva pela média regional,Abra
64,Kadabra,64,comum,Memorial Pillar,MAP_FIVE_ISLAND_MEMORIAL_PILLAR,grama/caverna e água local,progressão evolutiva pela média regional,Abra
65,Alakazam,65,comum,Memorial Pillar,MAP_FIVE_ISLAND_MEMORIAL_PILLAR,grama/caverna e água local,progressão evolutiva pela média regional,Abra
66,Machop,66,comum,Route 117,MAP_ROUTE117,grama/caverna e água local,progressão evolutiva pela média regional,Machop
67,Machoke,67,comum,Route 117,MAP_ROUTE117,grama/caverna e água local,progressão evolutiva pela média regional,Machop
68,Machamp,68,comum,Route 117,MAP_ROUTE117,grama/caverna e água local,progressão evolutiva pela média regional,Machop
69,Bellsprout,69,comum,Berry Forest,MAP_THREE_ISLAND_BERRY_FOREST,grama/caverna e água local,progressão evolutiva pela média regional,Bellsprout
70,Weepinbell,70,comum,Berry Forest,MAP_THREE_ISLAND_BERRY_FOREST,grama/caverna e água local,progressão evolutiva pela média regional,Bellsprout
71,Victreebel,71,comum,Berry Forest,MAP_THREE_ISLAND_BERRY_FOREST,grama/caverna e água local,progressão evolutiva pela média regional,Bellsprout
72,Tentacool,72,comum,Berry Forest,MAP_THREE_ISLAND_BERRY_FOREST,grama/caverna e água local,progressão evolutiva pela média regional,Tentacool
73,Tentacruel,73,comum,Berry Forest,MAP_THREE_ISLAND_BERRY_FOREST,grama/caverna e água local,progressão evolutiva pela média regional,Tentacool
74,Geodude,74,comum,Pokemon Tower,MAP_POKEMON_TOWER_3F; MAP_POKEMON_TOWER_4F; MAP_POKEMON_TOWER_5F; MAP_POKEMON_TOWER_6F; MAP_POKEMON_TOWER_7F,grama/caverna,progressão evolutiva pela média regional,Geodude
74,Geodude Alola,967,forma regional,Pokemon Tower,MAP_POKEMON_TOWER_3F; MAP_POKEMON_TOWER_4F; MAP_POKEMON_TOWER_5F; MAP_POKEMON_TOWER_6F; MAP_POKEMON_TOWER_7F,grama/caverna,progressão evolutiva pela média regional,Geodude
75,Graveler,75,comum,Pokemon Tower,MAP_POKEMON_TOWER_3F; MAP_POKEMON_TOWER_4F; MAP_POKEMON_TOWER_5F; MAP_POKEMON_TOWER_6F; MAP_POKEMON_TOWER_7F,grama/caverna,progressão evolutiva pela média regional,Geodude
75,Graveler Alola,968,forma regional,Pokemon Tower,MAP_POKEMON_TOWER_3F; MAP_POKEMON_TOWER_4F; MAP_POKEMON_TOWER_5F; MAP_POKEMON_TOWER_6F; MAP_POKEMON_TOWER_7F,grama/caverna,progressão evolutiva pela média regional,Geodude
76,Golem,76,comum,Pokemon Tower,MAP_POKEMON_TOWER_3F; MAP_POKEMON_TOWER_4F; MAP_POKEMON_TOWER_5F; MAP_POKEMON_TOWER_6F; MAP_POKEMON_TOWER_7F,grama/caverna,progressão evolutiva pela média regional,Geodude
76,Golem Alola,969,forma regional,Pokemon Tower,MAP_POKEMON_TOWER_3F; MAP_POKEMON_TOWER_4F; MAP_POKEMON_TOWER_5F; MAP_POKEMON_TOWER_6F; MAP_POKEMON_TOWER_7F,grama/caverna,progressão evolutiva pela média regional,Geodude
77,Ponyta,77,comum,Five Isle Meadow,MAP_FIVE_ISLAND_MEADOW,grama/caverna e água local,progressão evolutiva pela média regional,Ponyta
77,Ponyta Galar,975,forma regional,Five Isle Meadow,MAP_FIVE_ISLAND_MEADOW,grama/caverna e água local,progressão evolutiva pela média regional,Ponyta
78,Rapidash,78,comum,Five Isle Meadow,MAP_FIVE_ISLAND_MEADOW,grama/caverna e água local,progressão evolutiva pela média regional,Ponyta
78,Rapidash Galar,976,forma regional,Five Isle Meadow,MAP_FIVE_ISLAND_MEADOW,grama/caverna e água local,progressão evolutiva pela média regional,Ponyta
79,Slowpoke,79,comum,Route 119,MAP_ROUTE119,grama/caverna e água local,progressão evolutiva pela média regional,Slowpoke
79,Slowpoke Galar,977,forma regional,Route 119,MAP_ROUTE119,grama/caverna e água local,progressão evolutiva pela média regional,Slowpoke
80,Slowbro,80,comum,Route 119,MAP_ROUTE119,grama/caverna e água local,progressão evolutiva pela média regional,Slowpoke
80,Slowbro Galar,978,forma regional,Route 119,MAP_ROUTE119,grama/caverna e água local,progressão evolutiva pela média regional,Slowpoke
81,Magnemite,81,comum,Five Island,MAP_FIVE_ISLAND; MAP_JOURNEYWORLDSEA05,grama/caverna e água local,progressão evolutiva pela média regional,Magnemite
82,Magneton,82,comum,Five Island,MAP_FIVE_ISLAND; MAP_JOURNEYWORLDSEA05,grama/caverna e água local,progressão evolutiva pela média regional,Magnemite
83,Farfetchd,83,comum,Sevault Canyon,MAP_SEVEN_ISLAND_SEVAULT_CANYON,grama/caverna,progressão evolutiva pela média regional,Farfetchd
83,Farfetchd Galar,979,forma regional,Sevault Canyon,MAP_SEVEN_ISLAND_SEVAULT_CANYON,grama/caverna,progressão evolutiva pela média regional,Farfetchd
84,Doduo,84,comum,Cape Brink,MAP_TWO_ISLAND_CAPE_BRINK,grama/caverna e água local,progressão evolutiva pela média regional,Doduo
85,Dodrio,85,comum,Cape Brink,MAP_TWO_ISLAND_CAPE_BRINK,grama/caverna e água local,progressão evolutiva pela média regional,Doduo
86,Seel,86,comum,Icefall Cave,MAP_FOUR_ISLAND_ICEFALL_CAVE_1F; MAP_FOUR_ISLAND_ICEFALL_CAVE_B1F; MAP_FOUR_ISLAND_ICEFALL_CAVE_BACK; MAP_FOUR_ISLAND_ICEFALL_CAVE_ENTRANCE,grama/caverna e água local,progressão evolutiva pela média regional,Seel
87,Dewgong,87,comum,Icefall Cave,MAP_FOUR_ISLAND_ICEFALL_CAVE_1F; MAP_FOUR_ISLAND_ICEFALL_CAVE_B1F; MAP_FOUR_ISLAND_ICEFALL_CAVE_BACK; MAP_FOUR_ISLAND_ICEFALL_CAVE_ENTRANCE,grama/caverna e água local,progressão evolutiva pela média regional,Seel
88,Grimer,88,comum,Mt Pyre,MAP_MT_PYRE_1F; MAP_MT_PYRE_2F; MAP_MT_PYRE_3F; MAP_MT_PYRE_4F; MAP_MT_PYRE_5F; MAP_MT_PYRE_6F; MAP_MT_PYRE_EXTERIOR; MAP_MT_PYRE_SUMMIT,grama/caverna,progressão evolutiva pela média regional,Grimer
88,Grimer Alola,970,forma regional,Mt Pyre,MAP_MT_PYRE_1F; MAP_MT_PYRE_2F; MAP_MT_PYRE_3F; MAP_MT_PYRE_4F; MAP_MT_PYRE_5F; MAP_MT_PYRE_6F; MAP_MT_PYRE_EXTERIOR; MAP_MT_PYRE_SUMMIT,grama/caverna,progressão evolutiva pela média regional,Grimer
89,Muk,89,comum,Mt Pyre,MAP_MT_PYRE_1F; MAP_MT_PYRE_2F; MAP_MT_PYRE_3F; MAP_MT_PYRE_4F; MAP_MT_PYRE_5F; MAP_MT_PYRE_6F; MAP_MT_PYRE_EXTERIOR; MAP_MT_PYRE_SUMMIT,grama/caverna,progressão evolutiva pela média regional,Grimer
89,Muk Alola,971,forma regional,Mt Pyre,MAP_MT_PYRE_1F; MAP_MT_PYRE_2F; MAP_MT_PYRE_3F; MAP_MT_PYRE_4F; MAP_MT_PYRE_5F; MAP_MT_PYRE_6F; MAP_MT_PYRE_EXTERIOR; MAP_MT_PYRE_SUMMIT,grama/caverna,progressão evolutiva pela média regional,Grimer
90,Shellder,90,comum,Shoal Cave,MAP_SHOAL_CAVE_LOW_TIDE_ENTRANCE_ROOM; MAP_SHOAL_CAVE_LOW_TIDE_ICE_ROOM; MAP_SHOAL_CAVE_LOW_TIDE_INNER_ROOM; MAP_SHOAL_CAVE_LOW_TIDE_LOWER_ROOM; MAP_SHOAL_CAVE_LOW_TIDE_STAIRS_ROOM,grama/caverna e água local,progressão evolutiva pela média regional,Shellder
91,Cloyster,91,comum,Shoal Cave,MAP_SHOAL_CAVE_LOW_TIDE_ENTRANCE_ROOM; MAP_SHOAL_CAVE_LOW_TIDE_ICE_ROOM; MAP_SHOAL_CAVE_LOW_TIDE_INNER_ROOM; MAP_SHOAL_CAVE_LOW_TIDE_LOWER_ROOM; MAP_SHOAL_CAVE_LOW_TIDE_STAIRS_ROOM,grama/caverna e água local,progressão evolutiva pela média regional,Shellder
92,Gastly,92,comum,Route 120,MAP_ROUTE120,grama/caverna e água local,progressão evolutiva pela média regional,Gastly
93,Haunter,93,comum,Route 120,MAP_ROUTE120,grama/caverna e água local,progressão evolutiva pela média regional,Gastly
94,Gengar,94,comum,Route 120,MAP_ROUTE120,grama/caverna e água local,progressão evolutiva pela média regional,Gastly
95,Onix,95,comum,Artisan Cave,MAP_ARTISAN_CAVE_1F; MAP_ARTISAN_CAVE_B1F,grama/caverna,progressão evolutiva pela média regional,Onix
96,Drowzee,96,comum,Mt Pyre,MAP_MT_PYRE_1F; MAP_MT_PYRE_2F; MAP_MT_PYRE_3F; MAP_MT_PYRE_4F; MAP_MT_PYRE_5F; MAP_MT_PYRE_6F; MAP_MT_PYRE_EXTERIOR; MAP_MT_PYRE_SUMMIT,grama/caverna,progressão evolutiva pela média regional,Drowzee
97,Hypno,97,comum,Mt Pyre,MAP_MT_PYRE_1F; MAP_MT_PYRE_2F; MAP_MT_PYRE_3F; MAP_MT_PYRE_4F; MAP_MT_PYRE_5F; MAP_MT_PYRE_6F; MAP_MT_PYRE_EXTERIOR; MAP_MT_PYRE_SUMMIT,grama/caverna,progressão evolutiva pela média regional,Drowzee
98,Krabby,98,comum,Route 115,MAP_ROUTE115,grama/caverna e água local,progressão evolutiva pela média regional,Krabby
99,Kingler,99,comum,Route 115,MAP_ROUTE115,grama/caverna e água local,progressão evolutiva pela média regional,Krabby
100,Voltorb,100,comum,Route 5,MAP_ROUTE5,grama/caverna,progressão evolutiva pela média regional,Voltorb
100,Voltorb Hisui,995,forma regional,Route 5,MAP_ROUTE5,grama/caverna,progressão evolutiva pela média regional,Voltorb
101,Electrode,101,comum,Route 5,MAP_ROUTE5,grama/caverna,progressão evolutiva pela média regional,Voltorb
101,Electrode Hisui,996,forma regional,Route 5,MAP_ROUTE5,grama/caverna,progressão evolutiva pela média regional,Voltorb
102,Exeggcute,102,comum,Pokemon Tower,MAP_POKEMON_TOWER_3F; MAP_POKEMON_TOWER_4F; MAP_POKEMON_TOWER_5F; MAP_POKEMON_TOWER_6F; MAP_POKEMON_TOWER_7F,grama/caverna,progressão evolutiva pela média regional,Exeggcute
103,Exeggutor,103,comum,Pokemon Tower,MAP_POKEMON_TOWER_3F; MAP_POKEMON_TOWER_4F; MAP_POKEMON_TOWER_5F; MAP_POKEMON_TOWER_6F; MAP_POKEMON_TOWER_7F,grama/caverna,progressão evolutiva pela média regional,Exeggcute
103,Exeggutor Alola,972,forma regional,Pokemon Tower,MAP_POKEMON_TOWER_3F; MAP_POKEMON_TOWER_4F; MAP_POKEMON_TOWER_5F; MAP_POKEMON_TOWER_6F; MAP_POKEMON_TOWER_7F,grama/caverna,progressão evolutiva pela média regional,Exeggcute
104,Cubone,104,comum,Digletts Cave,MAP_DIGLETTS_CAVE_B1F,grama/caverna,progressão evolutiva pela média regional,Cubone
105,Marowak,105,comum,Digletts Cave,MAP_DIGLETTS_CAVE_B1F,grama/caverna,progressão evolutiva pela média regional,Cubone
105,Marowak Alola,973,forma regional,Digletts Cave,MAP_DIGLETTS_CAVE_B1F,grama/caverna,progressão evolutiva pela média regional,Cubone
106,Hitmonlee,106,comum,Route 110,MAP_ROUTE110,grama/caverna e água local,progressão evolutiva pela média regional,Tyrogue
107,Hitmonchan,107,comum,Route 110,MAP_ROUTE110,grama/caverna e água local,progressão evolutiva pela média regional,Tyrogue
108,Lickitung,108,comum,Sky Pillar,MAP_SKY_PILLAR_1F; MAP_SKY_PILLAR_3F; MAP_SKY_PILLAR_5F,grama/caverna,progressão evolutiva pela média regional,Lickitung
109,Koffing,109,comum,Route 113,MAP_ROUTE113,grama/caverna,progressão evolutiva pela média regional,Koffing
110,Weezing,110,comum,Route 113,MAP_ROUTE113,grama/caverna,progressão evolutiva pela média regional,Koffing
110,Weezing Galar,980,forma regional,Route 113,MAP_ROUTE113,grama/caverna,progressão evolutiva pela média regional,Koffing
111,Rhyhorn,111,comum,Rusturf Tunnel,MAP_RUSTURF_TUNNEL,grama/caverna,progressão evolutiva pela média regional,Rhyhorn
112,Rhydon,112,comum,Rusturf Tunnel,MAP_RUSTURF_TUNNEL,grama/caverna,progressão evolutiva pela média regional,Rhyhorn
113,Chansey,113,comum,Seven Island,MAP_JOURNEYWORLDSEA07,grama/caverna e água local,progressão evolutiva pela média regional,Happiny
114,Tangela,114,comum,Canyon Entrance,MAP_SEVEN_ISLAND_SEVAULT_CANYON_ENTRANCE,grama/caverna,progressão evolutiva pela média regional,Tangela
115,Kangaskhan,115,comum,Sky Pillar,MAP_SKY_PILLAR_1F; MAP_SKY_PILLAR_3F; MAP_SKY_PILLAR_5F,grama/caverna,progressão evolutiva pela média regional,Kangaskhan
116,Horsea,116,comum,Seafloor Cavern,MAP_SEAFLOOR_CAVERN_ENTRANCE; MAP_SEAFLOOR_CAVERN_ROOM1; MAP_SEAFLOOR_CAVERN_ROOM2; MAP_SEAFLOOR_CAVERN_ROOM3; MAP_SEAFLOOR_CAVERN_ROOM4; MAP_SEAFLOOR_CAVERN_ROOM5; MAP_SEAFLOOR_CAVERN_ROOM6; MAP_SEAFLOOR_CAVERN_ROOM7; MAP_SEAFLOOR_CAVERN_ROOM8,grama/caverna e água local,progressão evolutiva pela média regional,Horsea
117,Seadra,117,comum,Seafloor Cavern,MAP_SEAFLOOR_CAVERN_ENTRANCE; MAP_SEAFLOOR_CAVERN_ROOM1; MAP_SEAFLOOR_CAVERN_ROOM2; MAP_SEAFLOOR_CAVERN_ROOM3; MAP_SEAFLOOR_CAVERN_ROOM4; MAP_SEAFLOOR_CAVERN_ROOM5; MAP_SEAFLOOR_CAVERN_ROOM6; MAP_SEAFLOOR_CAVERN_ROOM7; MAP_SEAFLOOR_CAVERN_ROOM8,grama/caverna e água local,progressão evolutiva pela média regional,Horsea
118,Goldeen,118,comum,Route 13,MAP_ROUTE13,grama/caverna e água local,progressão evolutiva pela média regional,Goldeen
119,Seaking,119,comum,Route 13,MAP_ROUTE13,grama/caverna e água local,progressão evolutiva pela média regional,Goldeen
120,Staryu,120,comum,Memorial Pillar,MAP_FIVE_ISLAND_MEMORIAL_PILLAR,grama/caverna e água local,progressão evolutiva pela média regional,Staryu
121,Starmie,121,comum,Memorial Pillar,MAP_FIVE_ISLAND_MEMORIAL_PILLAR,grama/caverna e água local,progressão evolutiva pela média regional,Staryu
122,Mr Mime,122,comum,Route 13,MAP_ROUTE13,grama/caverna e água local,progressão evolutiva pela média regional,Mime Jr
122,Mr Mime Galar,981,forma regional,Route 13,MAP_ROUTE13,grama/caverna e água local,progressão evolutiva pela média regional,Mime Jr
123,Scyther,123,comum,Altering Cave,MAP_ALTERING_CAVE,grama/caverna,progressão evolutiva pela média regional,Scyther
124,Jynx,124,comum,Seafloor Cavern,MAP_SEAFLOOR_CAVERN_ENTRANCE; MAP_SEAFLOOR_CAVERN_ROOM1; MAP_SEAFLOOR_CAVERN_ROOM2; MAP_SEAFLOOR_CAVERN_ROOM3; MAP_SEAFLOOR_CAVERN_ROOM4; MAP_SEAFLOOR_CAVERN_ROOM5; MAP_SEAFLOOR_CAVERN_ROOM6; MAP_SEAFLOOR_CAVERN_ROOM7; MAP_SEAFLOOR_CAVERN_ROOM8,grama/caverna e água local,progressão evolutiva pela média regional,Smoochum
125,Electabuzz,125,comum,Kanto Safari Zone,MAP_SAFARI_ZONE_CENTER; MAP_SAFARI_ZONE_EAST; MAP_SAFARI_ZONE_NORTH_FRLG; MAP_SAFARI_ZONE_WEST,grama/caverna e água local,progressão evolutiva pela média regional,Elekid
126,Magmar,126,comum,Kanto Safari Zone,MAP_SAFARI_ZONE_CENTER; MAP_SAFARI_ZONE_EAST; MAP_SAFARI_ZONE_NORTH_FRLG; MAP_SAFARI_ZONE_WEST,grama/caverna e água local,progressão evolutiva pela média regional,Magby
127,Pinsir,127,comum,Canyon Entrance,MAP_SEVEN_ISLAND_SEVAULT_CANYON_ENTRANCE,grama/caverna,progressão evolutiva pela média regional,Pinsir
128,Tauros,128,comum,Kanto Safari Zone,MAP_SAFARI_ZONE_CENTER; MAP_SAFARI_ZONE_EAST; MAP_SAFARI_ZONE_NORTH_FRLG; MAP_SAFARI_ZONE_WEST,grama/caverna e água local,progressão evolutiva pela média regional,Tauros
128,Tauros Paldea Combat,1402,forma regional,Kanto Safari Zone,MAP_SAFARI_ZONE_CENTER; MAP_SAFARI_ZONE_EAST; MAP_SAFARI_ZONE_NORTH_FRLG; MAP_SAFARI_ZONE_WEST,grama/caverna e água local,progressão evolutiva pela média regional,Tauros
128,Tauros Paldea Blaze,1403,forma regional,Kanto Safari Zone,MAP_SAFARI_ZONE_CENTER; MAP_SAFARI_ZONE_EAST; MAP_SAFARI_ZONE_NORTH_FRLG; MAP_SAFARI_ZONE_WEST,grama/caverna e água local,progressão evolutiva pela média regional,Tauros
128,Tauros Paldea Aqua,1404,forma regional,Kanto Safari Zone,MAP_SAFARI_ZONE_CENTER; MAP_SAFARI_ZONE_EAST; MAP_SAFARI_ZONE_NORTH_FRLG; MAP_SAFARI_ZONE_WEST,grama/caverna e água local,progressão evolutiva pela média regional,Tauros
129,Magikarp,129,comum,Route 109,MAP_ROUTE109,Surf/pesca,progressão evolutiva pela média regional,Magikarp
130,Gyarados,130,comum,Route 109,MAP_ROUTE109,Surf/pesca,progressão evolutiva pela média regional,Magikarp
131,Lapras,131,comum,Route 131,MAP_ROUTE131,Surf/pesca,progressão evolutiva pela média regional,Lapras
132,Ditto,132,comum,Canyon Entrance,MAP_SEVEN_ISLAND_SEVAULT_CANYON_ENTRANCE,grama/caverna,progressão evolutiva pela média regional,Ditto
133,Eevee,133,comum,Safari Zone,MAP_SAFARI_ZONE_NORTH; MAP_SAFARI_ZONE_NORTHEAST; MAP_SAFARI_ZONE_NORTHWEST; MAP_SAFARI_ZONE_SOUTH; MAP_SAFARI_ZONE_SOUTHEAST; MAP_SAFARI_ZONE_SOUTHWEST,grama/caverna e água local,progressão evolutiva pela média regional,Eevee
134,Vaporeon,134,comum,Safari Zone,MAP_SAFARI_ZONE_NORTH; MAP_SAFARI_ZONE_NORTHEAST; MAP_SAFARI_ZONE_NORTHWEST; MAP_SAFARI_ZONE_SOUTH; MAP_SAFARI_ZONE_SOUTHEAST; MAP_SAFARI_ZONE_SOUTHWEST,grama/caverna e água local,progressão evolutiva pela média regional,Eevee
135,Jolteon,135,comum,Safari Zone,MAP_SAFARI_ZONE_NORTH; MAP_SAFARI_ZONE_NORTHEAST; MAP_SAFARI_ZONE_NORTHWEST; MAP_SAFARI_ZONE_SOUTH; MAP_SAFARI_ZONE_SOUTHEAST; MAP_SAFARI_ZONE_SOUTHWEST,grama/caverna e água local,progressão evolutiva pela média regional,Eevee
136,Flareon,136,comum,Safari Zone,MAP_SAFARI_ZONE_NORTH; MAP_SAFARI_ZONE_NORTHEAST; MAP_SAFARI_ZONE_NORTHWEST; MAP_SAFARI_ZONE_SOUTH; MAP_SAFARI_ZONE_SOUTHEAST; MAP_SAFARI_ZONE_SOUTHWEST,grama/caverna e água local,progressão evolutiva pela média regional,Eevee
137,Porygon,137,comum,Sevault Canyon,MAP_SEVEN_ISLAND_SEVAULT_CANYON,grama/caverna,progressão evolutiva pela média regional,Porygon
138,Omanyte,138,comum,Route 134,MAP_ROUTE134,Surf/pesca,progressão evolutiva pela média regional,Omanyte
139,Omastar,139,comum,Route 134,MAP_ROUTE134,Surf/pesca,progressão evolutiva pela média regional,Omanyte
140,Kabuto,140,comum,Fuchsia City,MAP_FUCHSIA_CITY,Surf/pesca,progressão evolutiva pela média regional,Kabuto
141,Kabutops,141,comum,Fuchsia City,MAP_FUCHSIA_CITY,Surf/pesca,progressão evolutiva pela média regional,Kabuto
142,Aerodactyl,142,comum,Seafloor Cavern,MAP_SEAFLOOR_CAVERN_ENTRANCE; MAP_SEAFLOOR_CAVERN_ROOM1; MAP_SEAFLOOR_CAVERN_ROOM2; MAP_SEAFLOOR_CAVERN_ROOM3; MAP_SEAFLOOR_CAVERN_ROOM4; MAP_SEAFLOOR_CAVERN_ROOM5; MAP_SEAFLOOR_CAVERN_ROOM6; MAP_SEAFLOOR_CAVERN_ROOM7; MAP_SEAFLOOR_CAVERN_ROOM8,grama/caverna e água local,progressão evolutiva pela média regional,Aerodactyl
143,Snorlax,143,comum,Cape Brink,MAP_TWO_ISLAND_CAPE_BRINK,grama/caverna e água local,progressão evolutiva pela média regional,Munchlax
144,Articuno,144,encontro especial,Caverna Tempestades,JourneySanctuaryTempestades; JourneyWorldSea00,Surf,8 insígnias de Kanto + 8 de Hoenn; antes das Ligas,
145,Zapdos,145,encontro especial,Caverna Tempestades,JourneySanctuaryTempestades; JourneyWorldSea00,Surf,8 insígnias de Kanto + 8 de Hoenn; antes das Ligas,
146,Moltres,146,encontro especial,Caverna Vulcao,JourneySanctuaryVulcao; JourneyWorldSea02,Surf,8 insígnias de Kanto + 8 de Hoenn; antes das Ligas,
147,Dratini,147,comum,Altering Cave,MAP_ALTERING_CAVE,grama/caverna,progressão evolutiva pela média regional,Dratini
148,Dragonair,148,comum,Altering Cave,MAP_ALTERING_CAVE,grama/caverna,progressão evolutiva pela média regional,Dratini
149,Dragonite,149,comum,Altering Cave,MAP_ALTERING_CAVE,grama/caverna,progressão evolutiva pela média regional,Dratini
150,Mewtwo,150,encontro especial,Caverna Aurora,JourneySanctuaryAurora; JourneyWorldSea01,Surf,8 insígnias de Kanto + 8 de Hoenn; antes das Ligas,
151,Mew,151,encontro especial,Caverna Estrelas,JourneySanctuaryEstrelas; JourneyWorldSea07,Surf,8 insígnias de Kanto + 8 de Hoenn; antes das Ligas,
152,Chikorita,152,comum,Safari Zone,MAP_SAFARI_ZONE_NORTH; MAP_SAFARI_ZONE_NORTHEAST; MAP_SAFARI_ZONE_NORTHWEST; MAP_SAFARI_ZONE_SOUTH; MAP_SAFARI_ZONE_SOUTHEAST; MAP_SAFARI_ZONE_SOUTHWEST,grama/caverna e água local,progressão evolutiva pela média regional,Chikorita
153,Bayleef,153,comum,Safari Zone,MAP_SAFARI_ZONE_NORTH; MAP_SAFARI_ZONE_NORTHEAST; MAP_SAFARI_ZONE_NORTHWEST; MAP_SAFARI_ZONE_SOUTH; MAP_SAFARI_ZONE_SOUTHEAST; MAP_SAFARI_ZONE_SOUTHWEST,grama/caverna e água local,progressão evolutiva pela média regional,Chikorita
154,Meganium,154,comum,Safari Zone,MAP_SAFARI_ZONE_NORTH; MAP_SAFARI_ZONE_NORTHEAST; MAP_SAFARI_ZONE_NORTHWEST; MAP_SAFARI_ZONE_SOUTH; MAP_SAFARI_ZONE_SOUTHEAST; MAP_SAFARI_ZONE_SOUTHWEST,grama/caverna e água local,progressão evolutiva pela média regional,Chikorita
155,Cyndaquil,155,comum,Altering Cave Frlg,MAP_SIX_ISLAND_ALTERING_CAVE,grama/caverna,progressão evolutiva pela média regional,Cyndaquil
156,Quilava,156,comum,Altering Cave Frlg,MAP_SIX_ISLAND_ALTERING_CAVE,grama/caverna,progressão evolutiva pela média regional,Cyndaquil
157,Typhlosion,157,comum,Altering Cave Frlg,MAP_SIX_ISLAND_ALTERING_CAVE,grama/caverna,progressão evolutiva pela média regional,Cyndaquil
157,Typhlosion Hisui,997,forma regional,Altering Cave Frlg,MAP_SIX_ISLAND_ALTERING_CAVE,grama/caverna,progressão evolutiva pela média regional,Cyndaquil
158,Totodile,158,comum,Cerulean City,MAP_CERULEAN_CITY,Surf/pesca,progressão evolutiva pela média regional,Totodile
159,Croconaw,159,comum,Cerulean City,MAP_CERULEAN_CITY,Surf/pesca,progressão evolutiva pela média regional,Totodile
160,Feraligatr,160,comum,Cerulean City,MAP_CERULEAN_CITY,Surf/pesca,progressão evolutiva pela média regional,Totodile
161,Sentret,161,comum,Route 123,MAP_ROUTE123,grama/caverna e água local,progressão evolutiva pela média regional,Sentret
162,Furret,162,comum,Route 123,MAP_ROUTE123,grama/caverna e água local,progressão evolutiva pela média regional,Sentret
163,Hoothoot,163,comum,Route 6,MAP_ROUTE6,grama/caverna e água local,progressão evolutiva pela média regional,Hoothoot
164,Noctowl,164,comum,Route 6,MAP_ROUTE6,grama/caverna e água local,progressão evolutiva pela média regional,Hoothoot
165,Ledyba,165,comum,Route 22,MAP_ROUTE22,grama/caverna e água local,progressão evolutiva pela média regional,Ledyba
166,Ledian,166,comum,Route 22,MAP_ROUTE22,grama/caverna e água local,progressão evolutiva pela média regional,Ledyba
167,Spinarak,167,comum,Viridian Forest,MAP_VIRIDIAN_FOREST,grama/caverna,progressão evolutiva pela média regional,Spinarak
168,Ariados,168,comum,Viridian Forest,MAP_VIRIDIAN_FOREST,grama/caverna,progressão evolutiva pela média regional,Spinarak
169,Crobat,169,comum,Viridian Forest,MAP_VIRIDIAN_FOREST,grama/caverna,progressão evolutiva pela média regional,Zubat
170,Chinchou,170,comum,Route 20,MAP_ROUTE20,Surf/pesca,progressão evolutiva pela média regional,Chinchou
171,Lanturn,171,comum,Route 20,MAP_ROUTE20,Surf/pesca,progressão evolutiva pela média regional,Chinchou
172,Pichu,172,comum,Route 3,MAP_ROUTE3,grama/caverna,progressão evolutiva pela média regional,Pichu
173,Cleffa,173,comum,Three Isle Port,MAP_JOURNEYWORLDSEA03; MAP_THREE_ISLAND_PORT,grama/caverna e água local,progressão evolutiva pela média regional,Cleffa
174,Igglybuff,174,comum,Route 2,MAP_ROUTE2,grama/caverna,progressão evolutiva pela média regional,Igglybuff
175,Togepi,175,comum,Cape Brink,MAP_TWO_ISLAND_CAPE_BRINK,grama/caverna e água local,progressão evolutiva pela média regional,Togepi
176,Togetic,176,comum,Cape Brink,MAP_TWO_ISLAND_CAPE_BRINK,grama/caverna e água local,progressão evolutiva pela média regional,Togepi
177,Natu,177,comum,Route 25,MAP_ROUTE25,grama/caverna e água local,progressão evolutiva pela média regional,Natu
178,Xatu,178,comum,Route 25,MAP_ROUTE25,grama/caverna e água local,progressão evolutiva pela média regional,Natu
179,Mareep,179,comum,Birth Island Frlg,MAP_JOURNEYWORLDSEA08,grama/caverna e água local,progressão evolutiva pela média regional,Mareep
180,Flaaffy,180,comum,Birth Island Frlg,MAP_JOURNEYWORLDSEA08,grama/caverna e água local,progressão evolutiva pela média regional,Mareep
181,Ampharos,181,comum,Birth Island Frlg,MAP_JOURNEYWORLDSEA08,grama/caverna e água local,progressão evolutiva pela média regional,Mareep
182,Bellossom,182,comum,Route 119,MAP_ROUTE119,grama/caverna e água local,progressão evolutiva pela média regional,Oddish
183,Marill,183,comum,Four Island,MAP_FOUR_ISLAND; MAP_JOURNEYWORLDSEA04,grama/caverna e água local,progressão evolutiva pela média regional,Azurill
184,Azumarill,184,comum,Four Island,MAP_FOUR_ISLAND; MAP_JOURNEYWORLDSEA04,grama/caverna e água local,progressão evolutiva pela média regional,Azurill
185,Sudowoodo,185,comum,Victory Road,MAP_VICTORY_ROAD_1F; MAP_VICTORY_ROAD_B1F; MAP_VICTORY_ROAD_B2F,grama/caverna e água local,progressão evolutiva pela média regional,Bonsly
186,Politoed,186,comum,Route 105,MAP_ROUTE105,Surf/pesca,progressão evolutiva pela média regional,Poliwag
187,Hoppip,187,comum,Route 24,MAP_ROUTE24,grama/caverna e água local,progressão evolutiva pela média regional,Hoppip
188,Skiploom,188,comum,Route 24,MAP_ROUTE24,grama/caverna e água local,progressão evolutiva pela média regional,Hoppip
189,Jumpluff,189,comum,Route 24,MAP_ROUTE24,grama/caverna e água local,progressão evolutiva pela média regional,Hoppip
190,Aipom,190,comum,Canyon Entrance,MAP_SEVEN_ISLAND_SEVAULT_CANYON_ENTRANCE,grama/caverna,progressão evolutiva pela média regional,Aipom
191,Sunkern,191,comum,Viridian Forest,MAP_VIRIDIAN_FOREST,grama/caverna,progressão evolutiva pela média regional,Sunkern
192,Sunflora,192,comum,Viridian Forest,MAP_VIRIDIAN_FOREST,grama/caverna,progressão evolutiva pela média regional,Sunkern
193,Yanma,193,comum,Route 11,MAP_ROUTE11,grama/caverna e água local,progressão evolutiva pela média regional,Yanma
194,Wooper,194,comum,Kindle Road,MAP_ONE_ISLAND_KINDLE_ROAD,grama/caverna e água local,progressão evolutiva pela média regional,Wooper
194,Wooper Paldea,1405,forma regional,Kindle Road,MAP_ONE_ISLAND_KINDLE_ROAD,grama/caverna e água local,progressão evolutiva pela média regional,Wooper
195,Quagsire,195,comum,Kindle Road,MAP_ONE_ISLAND_KINDLE_ROAD,grama/caverna e água local,progressão evolutiva pela média regional,Wooper
196,Espeon,196,comum,Safari Zone,MAP_SAFARI_ZONE_NORTH; MAP_SAFARI_ZONE_NORTHEAST; MAP_SAFARI_ZONE_NORTHWEST; MAP_SAFARI_ZONE_SOUTH; MAP_SAFARI_ZONE_SOUTHEAST; MAP_SAFARI_ZONE_SOUTHWEST,grama/caverna e água local,progressão evolutiva pela média regional,Eevee
197,Umbreon,197,comum,Safari Zone,MAP_SAFARI_ZONE_NORTH; MAP_SAFARI_ZONE_NORTHEAST; MAP_SAFARI_ZONE_NORTHWEST; MAP_SAFARI_ZONE_SOUTH; MAP_SAFARI_ZONE_SOUTHEAST; MAP_SAFARI_ZONE_SOUTHWEST,grama/caverna e água local,progressão evolutiva pela média regional,Eevee
198,Murkrow,198,comum,Sevault Canyon,MAP_SEVEN_ISLAND_SEVAULT_CANYON,grama/caverna,progressão evolutiva pela média regional,Murkrow
199,Slowking,199,comum,Route 119,MAP_ROUTE119,grama/caverna e água local,progressão evolutiva pela média regional,Slowpoke
199,Slowking Galar,985,forma regional,Route 119,MAP_ROUTE119,grama/caverna e água local,progressão evolutiva pela média regional,Slowpoke
200,Misdreavus,200,comum,Cave Of Origin,MAP_CAVE_OF_ORIGIN_1F; MAP_CAVE_OF_ORIGIN_ENTRANCE; MAP_CAVE_OF_ORIGIN_UNUSED_RUBY_SAPPHIRE_MAP1; MAP_CAVE_OF_ORIGIN_UNUSED_RUBY_SAPPHIRE_MAP2; MAP_CAVE_OF_ORIGIN_UNUSED_RUBY_SAPPHIRE_MAP3,grama/caverna e água local,progressão evolutiva pela média regional,Misdreavus
201,Unown,201,comum,Five Isle Meadow,MAP_FIVE_ISLAND_MEADOW,grama/caverna e água local,progressão evolutiva pela média regional,Unown
202,Wobbuffet,202,comum,Lost Cave,MAP_FIVE_ISLAND_LOST_CAVE_ROOM1; MAP_FIVE_ISLAND_LOST_CAVE_ROOM10; MAP_FIVE_ISLAND_LOST_CAVE_ROOM11; MAP_FIVE_ISLAND_LOST_CAVE_ROOM12; MAP_FIVE_ISLAND_LOST_CAVE_ROOM13; MAP_FIVE_ISLAND_LOST_CAVE_ROOM14; MAP_FIVE_ISLAND_LOST_CAVE_ROOM2; MAP_FIVE_ISLAND_LOST_CAVE_ROOM3; MAP_FIVE_ISLAND_LOST_CAVE_ROOM4; MAP_FIVE_ISLAND_LOST_CAVE_ROOM5; MAP_FIVE_ISLAND_LOST_CAVE_ROOM6; MAP_FIVE_ISLAND_LOST_CAVE_ROOM7; MAP_FIVE_ISLAND_LOST_CAVE_ROOM8; MAP_FIVE_ISLAND_LOST_CAVE_ROOM9,grama/caverna,progressão evolutiva pela média regional,Wynaut
203,Girafarig,203,comum,Route 17,MAP_ROUTE17,grama/caverna,progressão evolutiva pela média regional,Girafarig
204,Pineco,204,comum,Route 9,MAP_ROUTE9,grama/caverna,progressão evolutiva pela média regional,Pineco
205,Forretress,205,comum,Route 9,MAP_ROUTE9,grama/caverna,progressão evolutiva pela média regional,Pineco
206,Dunsparce,206,comum,Route 9,MAP_ROUTE9,grama/caverna,progressão evolutiva pela média regional,Dunsparce
207,Gligar,207,comum,Power Plant,MAP_POWER_PLANT,grama/caverna,progressão evolutiva pela média regional,Gligar
208,Steelix,208,comum,Artisan Cave,MAP_ARTISAN_CAVE_1F; MAP_ARTISAN_CAVE_B1F,grama/caverna,progressão evolutiva pela média regional,Onix
209,Snubbull,209,comum,Six Island,MAP_JOURNEYWORLDSEA06,grama/caverna e água local,progressão evolutiva pela média regional,Snubbull
210,Granbull,210,comum,Six Island,MAP_JOURNEYWORLDSEA06,grama/caverna e água local,progressão evolutiva pela média regional,Snubbull
211,Qwilfish,211,comum,Cave Of Origin,MAP_CAVE_OF_ORIGIN_1F; MAP_CAVE_OF_ORIGIN_ENTRANCE; MAP_CAVE_OF_ORIGIN_UNUSED_RUBY_SAPPHIRE_MAP1; MAP_CAVE_OF_ORIGIN_UNUSED_RUBY_SAPPHIRE_MAP2; MAP_CAVE_OF_ORIGIN_UNUSED_RUBY_SAPPHIRE_MAP3,grama/caverna e água local,progressão evolutiva pela média regional,Qwilfish
211,Qwilfish Hisui,998,forma regional,Cave Of Origin,MAP_CAVE_OF_ORIGIN_1F; MAP_CAVE_OF_ORIGIN_ENTRANCE; MAP_CAVE_OF_ORIGIN_UNUSED_RUBY_SAPPHIRE_MAP1; MAP_CAVE_OF_ORIGIN_UNUSED_RUBY_SAPPHIRE_MAP2; MAP_CAVE_OF_ORIGIN_UNUSED_RUBY_SAPPHIRE_MAP3,grama/caverna e água local,progressão evolutiva pela média regional,Qwilfish
212,Scizor,212,comum,Altering Cave,MAP_ALTERING_CAVE,grama/caverna,progressão evolutiva pela média regional,Scyther
213,Shuckle,213,comum,Route 21,MAP_ROUTE21_NORTH; MAP_ROUTE21_SOUTH,grama/caverna e água local,progressão evolutiva pela média regional,Shuckle
214,Heracross,214,comum,Safari Zone,MAP_SAFARI_ZONE_NORTH; MAP_SAFARI_ZONE_NORTHEAST; MAP_SAFARI_ZONE_NORTHWEST; MAP_SAFARI_ZONE_SOUTH; MAP_SAFARI_ZONE_SOUTHEAST; MAP_SAFARI_ZONE_SOUTHWEST,grama/caverna e água local,progressão evolutiva pela média regional,Heracross
215,Sneasel,215,comum,Viridian Forest,MAP_VIRIDIAN_FOREST,grama/caverna,progressão evolutiva pela média regional,Sneasel
215,Sneasel Hisui,999,forma regional,Viridian Forest,MAP_VIRIDIAN_FOREST,grama/caverna,progressão evolutiva pela média regional,Sneasel
216,Teddiursa,216,comum,Route 4,MAP_ROUTE4,grama/caverna e água local,progressão evolutiva pela média regional,Teddiursa
217,Ursaring,217,comum,Route 4,MAP_ROUTE4,grama/caverna e água local,progressão evolutiva pela média regional,Teddiursa
218,Slugma,218,comum,Desert Underpass,MAP_DESERT_UNDERPASS,grama/caverna,progressão evolutiva pela média regional,Slugma
219,Magcargo,219,comum,Desert Underpass,MAP_DESERT_UNDERPASS,grama/caverna,progressão evolutiva pela média regional,Slugma
220,Swinub,220,comum,Rock Tunnel,MAP_ROCK_TUNNEL_1F; MAP_ROCK_TUNNEL_B1F,grama/caverna,progressão evolutiva pela média regional,Swinub
221,Piloswine,221,comum,Rock Tunnel,MAP_ROCK_TUNNEL_1F; MAP_ROCK_TUNNEL_B1F,grama/caverna,progressão evolutiva pela média regional,Swinub
222,Corsola,222,comum,Cerulean Cave,MAP_CERULEAN_CAVE_1F; MAP_CERULEAN_CAVE_2F; MAP_CERULEAN_CAVE_B1F,grama/caverna e água local,progressão evolutiva pela média regional,Corsola
222,Corsola Galar,986,forma regional,Cerulean Cave,MAP_CERULEAN_CAVE_1F; MAP_CERULEAN_CAVE_2F; MAP_CERULEAN_CAVE_B1F,grama/caverna e água local,progressão evolutiva pela média regional,Corsola
223,Remoraid,223,comum,Route 10,MAP_ROUTE10,grama/caverna e água local,progressão evolutiva pela média regional,Remoraid
224,Octillery,224,comum,Route 10,MAP_ROUTE10,grama/caverna e água local,progressão evolutiva pela média regional,Remoraid
225,Delibird,225,comum,Kanto Safari Zone,MAP_SAFARI_ZONE_CENTER; MAP_SAFARI_ZONE_EAST; MAP_SAFARI_ZONE_NORTH_FRLG; MAP_SAFARI_ZONE_WEST,grama/caverna e água local,progressão evolutiva pela média regional,Delibird
226,Mantine,226,comum,Abandoned Ship,MAP_ABANDONED_SHIP_HIDDEN_FLOOR_CORRIDORS; MAP_ABANDONED_SHIP_ROOMS_B1F,Surf/pesca,progressão evolutiva pela média regional,Mantyke
227,Skarmory,227,comum,Altering Cave,MAP_ALTERING_CAVE,grama/caverna,progressão evolutiva pela média regional,Skarmory
228,Houndour,228,comum,Pokemon Mansion,MAP_POKEMON_MANSION_1F; MAP_POKEMON_MANSION_2F; MAP_POKEMON_MANSION_3F; MAP_POKEMON_MANSION_B1F,grama/caverna,progressão evolutiva pela média regional,Houndour
229,Houndoom,229,comum,Pokemon Mansion,MAP_POKEMON_MANSION_1F; MAP_POKEMON_MANSION_2F; MAP_POKEMON_MANSION_3F; MAP_POKEMON_MANSION_B1F,grama/caverna,progressão evolutiva pela média regional,Houndour
230,Kingdra,230,comum,Seafloor Cavern,MAP_SEAFLOOR_CAVERN_ENTRANCE; MAP_SEAFLOOR_CAVERN_ROOM1; MAP_SEAFLOOR_CAVERN_ROOM2; MAP_SEAFLOOR_CAVERN_ROOM3; MAP_SEAFLOOR_CAVERN_ROOM4; MAP_SEAFLOOR_CAVERN_ROOM5; MAP_SEAFLOOR_CAVERN_ROOM6; MAP_SEAFLOOR_CAVERN_ROOM7; MAP_SEAFLOOR_CAVERN_ROOM8,grama/caverna e água local,progressão evolutiva pela média regional,Horsea
231,Phanpy,231,comum,Mt Moon,MAP_MT_MOON_1F; MAP_MT_MOON_B1F; MAP_MT_MOON_B2F,grama/caverna,progressão evolutiva pela média regional,Phanpy
232,Donphan,232,comum,Mt Moon,MAP_MT_MOON_1F; MAP_MT_MOON_B1F; MAP_MT_MOON_B2F,grama/caverna,progressão evolutiva pela média regional,Phanpy
233,Porygon2,233,comum,Sevault Canyon,MAP_SEVEN_ISLAND_SEVAULT_CANYON,grama/caverna,progressão evolutiva pela média regional,Porygon
234,Stantler,234,comum,Canyon Entrance,MAP_SEVEN_ISLAND_SEVAULT_CANYON_ENTRANCE,grama/caverna,progressão evolutiva pela média regional,Stantler
235,Smeargle,235,comum,Safari Zone,MAP_SAFARI_ZONE_NORTH; MAP_SAFARI_ZONE_NORTHEAST; MAP_SAFARI_ZONE_NORTHWEST; MAP_SAFARI_ZONE_SOUTH; MAP_SAFARI_ZONE_SOUTHEAST; MAP_SAFARI_ZONE_SOUTHWEST,grama/caverna e água local,progressão evolutiva pela média regional,Smeargle
236,Tyrogue,236,comum,Route 110,MAP_ROUTE110,grama/caverna e água local,progressão evolutiva pela média regional,Tyrogue
237,Hitmontop,237,comum,Route 110,MAP_ROUTE110,grama/caverna e água local,progressão evolutiva pela média regional,Tyrogue
238,Smoochum,238,comum,Seafloor Cavern,MAP_SEAFLOOR_CAVERN_ENTRANCE; MAP_SEAFLOOR_CAVERN_ROOM1; MAP_SEAFLOOR_CAVERN_ROOM2; MAP_SEAFLOOR_CAVERN_ROOM3; MAP_SEAFLOOR_CAVERN_ROOM4; MAP_SEAFLOOR_CAVERN_ROOM5; MAP_SEAFLOOR_CAVERN_ROOM6; MAP_SEAFLOOR_CAVERN_ROOM7; MAP_SEAFLOOR_CAVERN_ROOM8,grama/caverna e água local,progressão evolutiva pela média regional,Smoochum
239,Elekid,239,comum,Kanto Safari Zone,MAP_SAFARI_ZONE_CENTER; MAP_SAFARI_ZONE_EAST; MAP_SAFARI_ZONE_NORTH_FRLG; MAP_SAFARI_ZONE_WEST,grama/caverna e água local,progressão evolutiva pela média regional,Elekid
240,Magby,240,comum,Kanto Safari Zone,MAP_SAFARI_ZONE_CENTER; MAP_SAFARI_ZONE_EAST; MAP_SAFARI_ZONE_NORTH_FRLG; MAP_SAFARI_ZONE_WEST,grama/caverna e água local,progressão evolutiva pela média regional,Magby
241,Miltank,241,comum,Sevault Canyon,MAP_SEVEN_ISLAND_SEVAULT_CANYON,grama/caverna,progressão evolutiva pela média regional,Miltank
242,Blissey,242,comum,Seven Island,MAP_JOURNEYWORLDSEA07,grama/caverna e água local,progressão evolutiva pela média regional,Happiny
243,Raikou,243,encontro especial,Caverna Tempestades,JourneySanctuaryTempestades; JourneyWorldSea00,Surf,8 insígnias de Kanto + 8 de Hoenn; antes das Ligas,
244,Entei,244,encontro especial,Caverna Vulcao,JourneySanctuaryVulcao; JourneyWorldSea02,Surf,8 insígnias de Kanto + 8 de Hoenn; antes das Ligas,
245,Suicune,245,encontro especial,Caverna Mares,JourneySanctuaryMares; JourneyHoennNorthSea,Surf + Dive,8 insígnias de Kanto + 8 de Hoenn; antes das Ligas,
246,Larvitar,246,comum,Altering Cave,MAP_ALTERING_CAVE,grama/caverna,progressão evolutiva pela média regional,Larvitar
247,Pupitar,247,comum,Altering Cave,MAP_ALTERING_CAVE,grama/caverna,progressão evolutiva pela média regional,Larvitar
248,Tyranitar,248,comum,Altering Cave,MAP_ALTERING_CAVE,grama/caverna,progressão evolutiva pela média regional,Larvitar
249,Lugia,249,encontro especial,Caverna Origens,JourneySanctuaryOrigens; JourneyHoennMiddleSea,Surf + Dive,8 insígnias de Kanto + 8 de Hoenn; antes das Ligas,
250,Ho Oh,250,encontro especial,Caverna Vulcao,JourneySanctuaryVulcao; JourneyWorldSea02,Surf,8 insígnias de Kanto + 8 de Hoenn; antes das Ligas,
251,Celebi,251,encontro especial,Caverna Floresta,JourneySanctuaryFloresta; JourneyWorldSea04,Surf,8 insígnias de Kanto + 8 de Hoenn; antes das Ligas,
252,Treecko,252,comum,Artisan Cave,MAP_ARTISAN_CAVE_1F; MAP_ARTISAN_CAVE_B1F,grama/caverna,progressão evolutiva pela média regional,Treecko
253,Grovyle,253,comum,Artisan Cave,MAP_ARTISAN_CAVE_1F; MAP_ARTISAN_CAVE_B1F,grama/caverna,progressão evolutiva pela média regional,Treecko
254,Sceptile,254,comum,Artisan Cave,MAP_ARTISAN_CAVE_1F; MAP_ARTISAN_CAVE_B1F,grama/caverna,progressão evolutiva pela média regional,Treecko
255,Torchic,255,comum,Altering Cave,MAP_ALTERING_CAVE,grama/caverna,progressão evolutiva pela média regional,Torchic
256,Combusken,256,comum,Altering Cave,MAP_ALTERING_CAVE,grama/caverna,progressão evolutiva pela média regional,Torchic
257,Blaziken,257,comum,Altering Cave,MAP_ALTERING_CAVE,grama/caverna,progressão evolutiva pela média regional,Torchic
258,Mudkip,258,comum,Cinnabar Island,MAP_CINNABAR_ISLAND,Surf/pesca,progressão evolutiva pela média regional,Mudkip
259,Marshtomp,259,comum,Cinnabar Island,MAP_CINNABAR_ISLAND,Surf/pesca,progressão evolutiva pela média regional,Mudkip
260,Swampert,260,comum,Cinnabar Island,MAP_CINNABAR_ISLAND,Surf/pesca,progressão evolutiva pela média regional,Mudkip
261,Poochyena,261,comum,Route 16,MAP_ROUTE16,grama/caverna,progressão evolutiva pela média regional,Poochyena
262,Mightyena,262,comum,Route 16,MAP_ROUTE16,grama/caverna,progressão evolutiva pela média regional,Poochyena
263,Zigzagoon,263,comum,Memorial Pillar,MAP_FIVE_ISLAND_MEMORIAL_PILLAR,grama/caverna e água local,progressão evolutiva pela média regional,Zigzagoon
263,Zigzagoon Galar,987,forma regional,Memorial Pillar,MAP_FIVE_ISLAND_MEMORIAL_PILLAR,grama/caverna e água local,progressão evolutiva pela média regional,Zigzagoon
264,Linoone,264,comum,Memorial Pillar,MAP_FIVE_ISLAND_MEMORIAL_PILLAR,grama/caverna e água local,progressão evolutiva pela média regional,Zigzagoon
264,Linoone Galar,988,forma regional,Memorial Pillar,MAP_FIVE_ISLAND_MEMORIAL_PILLAR,grama/caverna e água local,progressão evolutiva pela média regional,Zigzagoon
265,Wurmple,265,comum,Route 119,MAP_ROUTE119,grama/caverna e água local,progressão evolutiva pela média regional,Wurmple
266,Silcoon,266,comum,Route 119,MAP_ROUTE119,grama/caverna e água local,progressão evolutiva pela média regional,Wurmple
267,Beautifly,267,comum,Route 119,MAP_ROUTE119,grama/caverna e água local,progressão evolutiva pela média regional,Wurmple
268,Cascoon,268,comum,Route 119,MAP_ROUTE119,grama/caverna e água local,progressão evolutiva pela média regional,Wurmple
269,Dustox,269,comum,Route 119,MAP_ROUTE119,grama/caverna e água local,progressão evolutiva pela média regional,Wurmple
270,Lotad,270,comum,Route 107,MAP_ROUTE107,Surf/pesca,progressão evolutiva pela média regional,Lotad
271,Lombre,271,comum,Route 107,MAP_ROUTE107,Surf/pesca,progressão evolutiva pela média regional,Lotad
272,Ludicolo,272,comum,Route 107,MAP_ROUTE107,Surf/pesca,progressão evolutiva pela média regional,Lotad
273,Seedot,273,comum,Berry Forest,MAP_THREE_ISLAND_BERRY_FOREST,grama/caverna e água local,progressão evolutiva pela média regional,Seedot
274,Nuzleaf,274,comum,Berry Forest,MAP_THREE_ISLAND_BERRY_FOREST,grama/caverna e água local,progressão evolutiva pela média regional,Seedot
275,Shiftry,275,comum,Berry Forest,MAP_THREE_ISLAND_BERRY_FOREST,grama/caverna e água local,progressão evolutiva pela média regional,Seedot
276,Taillow,276,comum,Route 113,MAP_ROUTE113,grama/caverna,progressão evolutiva pela média regional,Taillow
277,Swellow,277,comum,Route 113,MAP_ROUTE113,grama/caverna,progressão evolutiva pela média regional,Taillow
278,Wingull,278,comum,Route 106,MAP_ROUTE106,Surf/pesca,progressão evolutiva pela média regional,Wingull
279,Pelipper,279,comum,Route 106,MAP_ROUTE106,Surf/pesca,progressão evolutiva pela média regional,Wingull
280,Ralts,280,comum,Birth Island Frlg,MAP_JOURNEYWORLDSEA08,grama/caverna e água local,progressão evolutiva pela média regional,Ralts
281,Kirlia,281,comum,Birth Island Frlg,MAP_JOURNEYWORLDSEA08,grama/caverna e água local,progressão evolutiva pela média regional,Ralts
282,Gardevoir,282,comum,Birth Island Frlg,MAP_JOURNEYWORLDSEA08,grama/caverna e água local,progressão evolutiva pela média regional,Ralts
283,Surskit,283,comum,Ruin Valley,MAP_SIX_ISLAND_RUIN_VALLEY,grama/caverna e água local,progressão evolutiva pela média regional,Surskit
284,Masquerain,284,comum,Ruin Valley,MAP_SIX_ISLAND_RUIN_VALLEY,grama/caverna e água local,progressão evolutiva pela média regional,Surskit
285,Shroomish,285,comum,Route 17,MAP_ROUTE17,grama/caverna,progressão evolutiva pela média regional,Shroomish
286,Breloom,286,comum,Route 17,MAP_ROUTE17,grama/caverna,progressão evolutiva pela média regional,Shroomish
287,Slakoth,287,comum,Route 18,MAP_ROUTE18,grama/caverna,progressão evolutiva pela média regional,Slakoth
288,Vigoroth,288,comum,Route 18,MAP_ROUTE18,grama/caverna,progressão evolutiva pela média regional,Slakoth
289,Slaking,289,comum,Route 18,MAP_ROUTE18,grama/caverna,progressão evolutiva pela média regional,Slakoth
290,Nincada,290,comum,Five Isle Meadow,MAP_FIVE_ISLAND_MEADOW,grama/caverna e água local,progressão evolutiva pela média regional,Nincada
291,Ninjask,291,comum,Five Isle Meadow,MAP_FIVE_ISLAND_MEADOW,grama/caverna e água local,progressão evolutiva pela média regional,Nincada
292,Shedinja,292,comum,Five Isle Meadow,MAP_FIVE_ISLAND_MEADOW,grama/caverna e água local,progressão evolutiva pela média regional,Nincada
293,Whismur,293,comum,Route 13,MAP_ROUTE13,grama/caverna e água local,progressão evolutiva pela média regional,Whismur
294,Loudred,294,comum,Route 13,MAP_ROUTE13,grama/caverna e água local,progressão evolutiva pela média regional,Whismur
295,Exploud,295,comum,Route 13,MAP_ROUTE13,grama/caverna e água local,progressão evolutiva pela média regional,Whismur
296,Makuhita,296,comum,Route 2,MAP_ROUTE2,grama/caverna,progressão evolutiva pela média regional,Makuhita
297,Hariyama,297,comum,Route 2,MAP_ROUTE2,grama/caverna,progressão evolutiva pela média regional,Makuhita
298,Azurill,298,comum,Four Island,MAP_FOUR_ISLAND; MAP_JOURNEYWORLDSEA04,grama/caverna e água local,progressão evolutiva pela média regional,Azurill
299,Nosepass,299,comum,Kindle Road,MAP_ONE_ISLAND_KINDLE_ROAD,grama/caverna e água local,progressão evolutiva pela média regional,Nosepass
300,Skitty,300,comum,Route 6,MAP_ROUTE6,grama/caverna e água local,progressão evolutiva pela média regional,Skitty
301,Delcatty,301,comum,Route 6,MAP_ROUTE6,grama/caverna e água local,progressão evolutiva pela média regional,Skitty
302,Sableye,302,comum,Altering Cave Frlg,MAP_SIX_ISLAND_ALTERING_CAVE,grama/caverna,progressão evolutiva pela média regional,Sableye
303,Mawile,303,comum,Altering Cave Frlg,MAP_SIX_ISLAND_ALTERING_CAVE,grama/caverna,progressão evolutiva pela média regional,Mawile
304,Aron,304,comum,Rock Tunnel,MAP_ROCK_TUNNEL_1F; MAP_ROCK_TUNNEL_B1F,grama/caverna,progressão evolutiva pela média regional,Aron
305,Lairon,305,comum,Rock Tunnel,MAP_ROCK_TUNNEL_1F; MAP_ROCK_TUNNEL_B1F,grama/caverna,progressão evolutiva pela média regional,Aron
306,Aggron,306,comum,Rock Tunnel,MAP_ROCK_TUNNEL_1F; MAP_ROCK_TUNNEL_B1F,grama/caverna,progressão evolutiva pela média regional,Aron
307,Meditite,307,comum,Route 14,MAP_ROUTE14,grama/caverna,progressão evolutiva pela média regional,Meditite
308,Medicham,308,comum,Route 14,MAP_ROUTE14,grama/caverna,progressão evolutiva pela média regional,Meditite
309,Electrike,309,comum,Two Island,MAP_JOURNEYWORLDSEA02,grama/caverna e água local,progressão evolutiva pela média regional,Electrike
310,Manectric,310,comum,Two Island,MAP_JOURNEYWORLDSEA02,grama/caverna e água local,progressão evolutiva pela média regional,Electrike
311,Plusle,311,comum,Treasure Beach,MAP_ONE_ISLAND_TREASURE_BEACH,grama/caverna e água local,progressão evolutiva pela média regional,Plusle
312,Minun,312,comum,Ruin Valley,MAP_SIX_ISLAND_RUIN_VALLEY,grama/caverna e água local,progressão evolutiva pela média regional,Minun
313,Volbeat,313,comum,Route 103,MAP_ROUTE103,grama/caverna e água local,progressão evolutiva pela média regional,Volbeat
314,Illumise,314,comum,Route 23,MAP_ROUTE23,grama/caverna e água local,progressão evolutiva pela média regional,Illumise
315,Roselia,315,comum,Route 104,MAP_ROUTE104,grama/caverna e água local,progressão evolutiva pela média regional,Budew
316,Gulpin,316,comum,Route 104,MAP_ROUTE104,grama/caverna e água local,progressão evolutiva pela média regional,Gulpin
317,Swalot,317,comum,Route 104,MAP_ROUTE104,grama/caverna e água local,progressão evolutiva pela média regional,Gulpin
318,Carvanha,318,comum,Six Island,MAP_JOURNEYWORLDSEA06,grama/caverna e água local,progressão evolutiva pela média regional,Carvanha
319,Sharpedo,319,comum,Six Island,MAP_JOURNEYWORLDSEA06,grama/caverna e água local,progressão evolutiva pela média regional,Carvanha
320,Wailmer,320,comum,Tanoby Ruins,MAP_SEVEN_ISLAND_TANOBY_RUINS; MAP_SEVEN_ISLAND_TANOBY_RUINS_DILFORD_CHAMBER; MAP_SEVEN_ISLAND_TANOBY_RUINS_LIPTOO_CHAMBER; MAP_SEVEN_ISLAND_TANOBY_RUINS_MONEAN_CHAMBER; MAP_SEVEN_ISLAND_TANOBY_RUINS_RIXY_CHAMBER; MAP_SEVEN_ISLAND_TANOBY_RUINS_SCUFIB_CHAMBER; MAP_SEVEN_ISLAND_TANOBY_RUINS_VIAPOIS_CHAMBER; MAP_SEVEN_ISLAND_TANOBY_RUINS_WEEPTH_CHAMBER,grama/caverna e água local,progressão evolutiva pela média regional,Wailmer
321,Wailord,321,comum,Tanoby Ruins,MAP_SEVEN_ISLAND_TANOBY_RUINS; MAP_SEVEN_ISLAND_TANOBY_RUINS_DILFORD_CHAMBER; MAP_SEVEN_ISLAND_TANOBY_RUINS_LIPTOO_CHAMBER; MAP_SEVEN_ISLAND_TANOBY_RUINS_MONEAN_CHAMBER; MAP_SEVEN_ISLAND_TANOBY_RUINS_RIXY_CHAMBER; MAP_SEVEN_ISLAND_TANOBY_RUINS_SCUFIB_CHAMBER; MAP_SEVEN_ISLAND_TANOBY_RUINS_VIAPOIS_CHAMBER; MAP_SEVEN_ISLAND_TANOBY_RUINS_WEEPTH_CHAMBER,grama/caverna e água local,progressão evolutiva pela média regional,Wailmer
322,Numel,322,comum,Kanto Victory Road,MAP_VICTORY_ROAD_1F_FRLG; MAP_VICTORY_ROAD_2F; MAP_VICTORY_ROAD_3F,grama/caverna,progressão evolutiva pela média regional,Numel
323,Camerupt,323,comum,Kanto Victory Road,MAP_VICTORY_ROAD_1F_FRLG; MAP_VICTORY_ROAD_2F; MAP_VICTORY_ROAD_3F,grama/caverna,progressão evolutiva pela média regional,Numel
324,Torkoal,324,comum,Water Path,MAP_SIX_ISLAND_WATER_PATH,grama/caverna e água local,progressão evolutiva pela média regional,Torkoal
325,Spoink,325,comum,Vermilion City,MAP_JOURNEYWORLDSEA00; MAP_SSANNE_EXTERIOR; MAP_VERMILION_CITY,grama/caverna e água local,progressão evolutiva pela média regional,Spoink
326,Grumpig,326,comum,Vermilion City,MAP_JOURNEYWORLDSEA00; MAP_SSANNE_EXTERIOR; MAP_VERMILION_CITY,grama/caverna e água local,progressão evolutiva pela média regional,Spoink
327,Spinda,327,comum,Route 2,MAP_ROUTE2,grama/caverna,progressão evolutiva pela média regional,Spinda
328,Trapinch,328,comum,Rusturf Tunnel,MAP_RUSTURF_TUNNEL,grama/caverna,progressão evolutiva pela média regional,Trapinch
329,Vibrava,329,comum,Rusturf Tunnel,MAP_RUSTURF_TUNNEL,grama/caverna,progressão evolutiva pela média regional,Trapinch
330,Flygon,330,comum,Rusturf Tunnel,MAP_RUSTURF_TUNNEL,grama/caverna,progressão evolutiva pela média regional,Trapinch
331,Cacnea,331,comum,Route 15,MAP_ROUTE15,grama/caverna,progressão evolutiva pela média regional,Cacnea
332,Cacturne,332,comum,Route 15,MAP_ROUTE15,grama/caverna,progressão evolutiva pela média regional,Cacnea
333,Swablu,333,comum,Route 23,MAP_ROUTE23,grama/caverna e água local,progressão evolutiva pela média regional,Swablu
334,Altaria,334,comum,Route 23,MAP_ROUTE23,grama/caverna e água local,progressão evolutiva pela média regional,Swablu
335,Zangoose,335,comum,Treasure Beach,MAP_ONE_ISLAND_TREASURE_BEACH,grama/caverna e água local,progressão evolutiva pela média regional,Zangoose
336,Seviper,336,comum,Berry Forest,MAP_THREE_ISLAND_BERRY_FOREST,grama/caverna e água local,progressão evolutiva pela média regional,Seviper
337,Lunatone,337,comum,Artisan Cave,MAP_ARTISAN_CAVE_1F; MAP_ARTISAN_CAVE_B1F,grama/caverna,progressão evolutiva pela média regional,Lunatone
338,Solrock,338,comum,Seafloor Cavern,MAP_SEAFLOOR_CAVERN_ENTRANCE; MAP_SEAFLOOR_CAVERN_ROOM1; MAP_SEAFLOOR_CAVERN_ROOM2; MAP_SEAFLOOR_CAVERN_ROOM3; MAP_SEAFLOOR_CAVERN_ROOM4; MAP_SEAFLOOR_CAVERN_ROOM5; MAP_SEAFLOOR_CAVERN_ROOM6; MAP_SEAFLOOR_CAVERN_ROOM7; MAP_SEAFLOOR_CAVERN_ROOM8,grama/caverna e água local,progressão evolutiva pela média regional,Solrock
339,Barboach,339,comum,Meteor Falls,MAP_METEOR_FALLS_1F_1R; MAP_METEOR_FALLS_1F_2R; MAP_METEOR_FALLS_B1F_1R; MAP_METEOR_FALLS_B1F_2R; MAP_METEOR_FALLS_STEVENS_CAVE,grama/caverna e água local,progressão evolutiva pela média regional,Barboach
340,Whiscash,340,comum,Meteor Falls,MAP_METEOR_FALLS_1F_1R; MAP_METEOR_FALLS_1F_2R; MAP_METEOR_FALLS_B1F_1R; MAP_METEOR_FALLS_B1F_2R; MAP_METEOR_FALLS_STEVENS_CAVE,grama/caverna e água local,progressão evolutiva pela média regional,Barboach
341,Corphish,341,comum,Route 118,MAP_ROUTE118,grama/caverna e água local,progressão evolutiva pela média regional,Corphish
342,Crawdaunt,342,comum,Route 118,MAP_ROUTE118,grama/caverna e água local,progressão evolutiva pela média regional,Corphish
343,Baltoy,343,comum,Mt Moon,MAP_MT_MOON_1F; MAP_MT_MOON_B1F; MAP_MT_MOON_B2F,grama/caverna,progressão evolutiva pela média regional,Baltoy
344,Claydol,344,comum,Mt Moon,MAP_MT_MOON_1F; MAP_MT_MOON_B1F; MAP_MT_MOON_B2F,grama/caverna,progressão evolutiva pela média regional,Baltoy
345,Lileep,345,comum,Altering Cave Frlg,MAP_SIX_ISLAND_ALTERING_CAVE,grama/caverna,progressão evolutiva pela média regional,Lileep
346,Cradily,346,comum,Altering Cave Frlg,MAP_SIX_ISLAND_ALTERING_CAVE,grama/caverna,progressão evolutiva pela média regional,Lileep
347,Anorith,347,comum,Artisan Cave,MAP_ARTISAN_CAVE_1F; MAP_ARTISAN_CAVE_B1F,grama/caverna,progressão evolutiva pela média regional,Anorith
348,Armaldo,348,comum,Artisan Cave,MAP_ARTISAN_CAVE_1F; MAP_ARTISAN_CAVE_B1F,grama/caverna,progressão evolutiva pela média regional,Anorith
349,Feebas,349,comum,Three Isle Port,MAP_JOURNEYWORLDSEA03; MAP_THREE_ISLAND_PORT,grama/caverna e água local,progressão evolutiva pela média regional,Feebas
350,Milotic,350,comum,Three Isle Port,MAP_JOURNEYWORLDSEA03; MAP_THREE_ISLAND_PORT,grama/caverna e água local,progressão evolutiva pela média regional,Feebas
351,Castform Normal,351,comum,Altering Cave Frlg,MAP_SIX_ISLAND_ALTERING_CAVE,grama/caverna,progressão evolutiva pela média regional,Castform Normal
352,Kecleon,352,comum,Route 9,MAP_ROUTE9,grama/caverna,progressão evolutiva pela média regional,Kecleon
353,Shuppet,353,comum,Pokemon Mansion,MAP_POKEMON_MANSION_1F; MAP_POKEMON_MANSION_2F; MAP_POKEMON_MANSION_3F; MAP_POKEMON_MANSION_B1F,grama/caverna,progressão evolutiva pela média regional,Shuppet
354,Banette,354,comum,Pokemon Mansion,MAP_POKEMON_MANSION_1F; MAP_POKEMON_MANSION_2F; MAP_POKEMON_MANSION_3F; MAP_POKEMON_MANSION_B1F,grama/caverna,progressão evolutiva pela média regional,Shuppet
355,Duskull,355,comum,Pokemon Mansion,MAP_POKEMON_MANSION_1F; MAP_POKEMON_MANSION_2F; MAP_POKEMON_MANSION_3F; MAP_POKEMON_MANSION_B1F,grama/caverna,progressão evolutiva pela média regional,Duskull
356,Dusclops,356,comum,Pokemon Mansion,MAP_POKEMON_MANSION_1F; MAP_POKEMON_MANSION_2F; MAP_POKEMON_MANSION_3F; MAP_POKEMON_MANSION_B1F,grama/caverna,progressão evolutiva pela média regional,Duskull
357,Tropius,357,comum,One Island,MAP_JOURNEYWORLDSEA01; MAP_ONE_ISLAND,grama/caverna e água local,progressão evolutiva pela média regional,Tropius
358,Chimecho,358,comum,Pokemon Mansion,MAP_POKEMON_MANSION_1F; MAP_POKEMON_MANSION_2F; MAP_POKEMON_MANSION_3F; MAP_POKEMON_MANSION_B1F,grama/caverna,progressão evolutiva pela média regional,Chingling
359,Absol,359,comum,Artisan Cave,MAP_ARTISAN_CAVE_1F; MAP_ARTISAN_CAVE_B1F,grama/caverna,progressão evolutiva pela média regional,Absol
360,Wynaut,360,comum,Lost Cave,MAP_FIVE_ISLAND_LOST_CAVE_ROOM1; MAP_FIVE_ISLAND_LOST_CAVE_ROOM10; MAP_FIVE_ISLAND_LOST_CAVE_ROOM11; MAP_FIVE_ISLAND_LOST_CAVE_ROOM12; MAP_FIVE_ISLAND_LOST_CAVE_ROOM13; MAP_FIVE_ISLAND_LOST_CAVE_ROOM14; MAP_FIVE_ISLAND_LOST_CAVE_ROOM2; MAP_FIVE_ISLAND_LOST_CAVE_ROOM3; MAP_FIVE_ISLAND_LOST_CAVE_ROOM4; MAP_FIVE_ISLAND_LOST_CAVE_ROOM5; MAP_FIVE_ISLAND_LOST_CAVE_ROOM6; MAP_FIVE_ISLAND_LOST_CAVE_ROOM7; MAP_FIVE_ISLAND_LOST_CAVE_ROOM8; MAP_FIVE_ISLAND_LOST_CAVE_ROOM9,grama/caverna,progressão evolutiva pela média regional,Wynaut
361,Snorunt,361,comum,Treasure Beach,MAP_ONE_ISLAND_TREASURE_BEACH,grama/caverna e água local,progressão evolutiva pela média regional,Snorunt
362,Glalie,362,comum,Treasure Beach,MAP_ONE_ISLAND_TREASURE_BEACH,grama/caverna e água local,progressão evolutiva pela média regional,Snorunt
363,Spheal,363,comum,Sootopolis City,MAP_SOOTOPOLIS_CITY,Surf/pesca,progressão evolutiva pela média regional,Spheal
364,Sealeo,364,comum,Sootopolis City,MAP_SOOTOPOLIS_CITY,Surf/pesca,progressão evolutiva pela média regional,Spheal
365,Walrein,365,comum,Sootopolis City,MAP_SOOTOPOLIS_CITY,Surf/pesca,progressão evolutiva pela média regional,Spheal
366,Clamperl,366,comum,Route 12,MAP_ROUTE12,grama/caverna e água local,progressão evolutiva pela média regional,Clamperl
367,Huntail,367,comum,Route 12,MAP_ROUTE12,grama/caverna e água local,progressão evolutiva pela média regional,Clamperl
368,Gorebyss,368,comum,Route 12,MAP_ROUTE12,grama/caverna e água local,progressão evolutiva pela média regional,Clamperl
369,Relicanth,369,comum,Mossdeep City,MAP_MOSSDEEP_CITY,Surf/pesca,progressão evolutiva pela média regional,Relicanth
370,Luvdisc,370,comum,Route 24,MAP_ROUTE24,grama/caverna e água local,progressão evolutiva pela média regional,Luvdisc
371,Bagon,371,comum,Cave Of Origin,MAP_CAVE_OF_ORIGIN_1F; MAP_CAVE_OF_ORIGIN_ENTRANCE; MAP_CAVE_OF_ORIGIN_UNUSED_RUBY_SAPPHIRE_MAP1; MAP_CAVE_OF_ORIGIN_UNUSED_RUBY_SAPPHIRE_MAP2; MAP_CAVE_OF_ORIGIN_UNUSED_RUBY_SAPPHIRE_MAP3,grama/caverna e água local,progressão evolutiva pela média regional,Bagon
372,Shelgon,372,comum,Cave Of Origin,MAP_CAVE_OF_ORIGIN_1F; MAP_CAVE_OF_ORIGIN_ENTRANCE; MAP_CAVE_OF_ORIGIN_UNUSED_RUBY_SAPPHIRE_MAP1; MAP_CAVE_OF_ORIGIN_UNUSED_RUBY_SAPPHIRE_MAP2; MAP_CAVE_OF_ORIGIN_UNUSED_RUBY_SAPPHIRE_MAP3,grama/caverna e água local,progressão evolutiva pela média regional,Bagon
373,Salamence,373,comum,Cave Of Origin,MAP_CAVE_OF_ORIGIN_1F; MAP_CAVE_OF_ORIGIN_ENTRANCE; MAP_CAVE_OF_ORIGIN_UNUSED_RUBY_SAPPHIRE_MAP1; MAP_CAVE_OF_ORIGIN_UNUSED_RUBY_SAPPHIRE_MAP2; MAP_CAVE_OF_ORIGIN_UNUSED_RUBY_SAPPHIRE_MAP3,grama/caverna e água local,progressão evolutiva pela média regional,Bagon
374,Beldum,374,comum,Cave Of Origin,MAP_CAVE_OF_ORIGIN_1F; MAP_CAVE_OF_ORIGIN_ENTRANCE; MAP_CAVE_OF_ORIGIN_UNUSED_RUBY_SAPPHIRE_MAP1; MAP_CAVE_OF_ORIGIN_UNUSED_RUBY_SAPPHIRE_MAP2; MAP_CAVE_OF_ORIGIN_UNUSED_RUBY_SAPPHIRE_MAP3,grama/caverna e água local,progressão evolutiva pela média regional,Beldum
375,Metang,375,comum,Cave Of Origin,MAP_CAVE_OF_ORIGIN_1F; MAP_CAVE_OF_ORIGIN_ENTRANCE; MAP_CAVE_OF_ORIGIN_UNUSED_RUBY_SAPPHIRE_MAP1; MAP_CAVE_OF_ORIGIN_UNUSED_RUBY_SAPPHIRE_MAP2; MAP_CAVE_OF_ORIGIN_UNUSED_RUBY_SAPPHIRE_MAP3,grama/caverna e água local,progressão evolutiva pela média regional,Beldum
376,Metagross,376,comum,Cave Of Origin,MAP_CAVE_OF_ORIGIN_1F; MAP_CAVE_OF_ORIGIN_ENTRANCE; MAP_CAVE_OF_ORIGIN_UNUSED_RUBY_SAPPHIRE_MAP1; MAP_CAVE_OF_ORIGIN_UNUSED_RUBY_SAPPHIRE_MAP2; MAP_CAVE_OF_ORIGIN_UNUSED_RUBY_SAPPHIRE_MAP3,grama/caverna e água local,progressão evolutiva pela média regional,Beldum
377,Regirock,377,encontro especial,Caverna Titans,JourneySanctuaryTitans; JourneyWorldSea03,Surf,8 insígnias de Kanto + 8 de Hoenn; antes das Ligas,
378,Regice,378,encontro especial,Caverna Cristais,JourneySanctuaryCristais; JourneyWorldSea08,Surf,8 insígnias de Kanto + 8 de Hoenn; antes das Ligas,
379,Registeel,379,encontro especial,Caverna Titans,JourneySanctuaryTitans; JourneyWorldSea03,Surf,8 insígnias de Kanto + 8 de Hoenn; antes das Ligas,
380,Latias,380,encontro especial,Caverna Origens,JourneySanctuaryOrigens; JourneyHoennMiddleSea,Surf + Dive,8 insígnias de Kanto + 8 de Hoenn; antes das Ligas,
381,Latios,381,encontro especial,Caverna Origens,JourneySanctuaryOrigens; JourneyHoennMiddleSea,Surf + Dive,8 insígnias de Kanto + 8 de Hoenn; antes das Ligas,
382,Kyogre,382,encontro especial,Caverna Profundezas,JourneySanctuaryProfundezas; JourneyHoennSouthSea,Surf + Dive,8 insígnias de Kanto + 8 de Hoenn; antes das Ligas,
383,Groudon,383,encontro especial,Caverna Vulcao,JourneySanctuaryVulcao; JourneyWorldSea02,Surf,8 insígnias de Kanto + 8 de Hoenn; antes das Ligas,
384,Rayquaza,384,encontro especial,Caverna Dragoes,JourneySanctuaryDragoes; JourneyWorldSea06,Surf,8 insígnias de Kanto + 8 de Hoenn; antes das Ligas,
385,Jirachi,385,encontro especial,Caverna Dimensoes,JourneySanctuaryDimensoes; JourneyRustboroCoast,Surf + Dive,8 insígnias de Kanto + 8 de Hoenn; antes das Ligas,
386,Deoxys Normal,386,encontro especial,Caverna Aurora,JourneySanctuaryAurora; JourneyWorldSea01,Surf,8 insígnias de Kanto + 8 de Hoenn; antes das Ligas,
387,Turtwig,387,comum,Cave Of Origin,MAP_CAVE_OF_ORIGIN_1F; MAP_CAVE_OF_ORIGIN_ENTRANCE; MAP_CAVE_OF_ORIGIN_UNUSED_RUBY_SAPPHIRE_MAP1; MAP_CAVE_OF_ORIGIN_UNUSED_RUBY_SAPPHIRE_MAP2; MAP_CAVE_OF_ORIGIN_UNUSED_RUBY_SAPPHIRE_MAP3,grama/caverna e água local,progressão evolutiva pela média regional,Turtwig
388,Grotle,388,comum,Cave Of Origin,MAP_CAVE_OF_ORIGIN_1F; MAP_CAVE_OF_ORIGIN_ENTRANCE; MAP_CAVE_OF_ORIGIN_UNUSED_RUBY_SAPPHIRE_MAP1; MAP_CAVE_OF_ORIGIN_UNUSED_RUBY_SAPPHIRE_MAP2; MAP_CAVE_OF_ORIGIN_UNUSED_RUBY_SAPPHIRE_MAP3,grama/caverna e água local,progressão evolutiva pela média regional,Turtwig
389,Torterra,389,comum,Cave Of Origin,MAP_CAVE_OF_ORIGIN_1F; MAP_CAVE_OF_ORIGIN_ENTRANCE; MAP_CAVE_OF_ORIGIN_UNUSED_RUBY_SAPPHIRE_MAP1; MAP_CAVE_OF_ORIGIN_UNUSED_RUBY_SAPPHIRE_MAP2; MAP_CAVE_OF_ORIGIN_UNUSED_RUBY_SAPPHIRE_MAP3,grama/caverna e água local,progressão evolutiva pela média regional,Turtwig
390,Chimchar,390,comum,Cerulean Cave,MAP_CERULEAN_CAVE_1F; MAP_CERULEAN_CAVE_2F; MAP_CERULEAN_CAVE_B1F,grama/caverna e água local,progressão evolutiva pela média regional,Chimchar
391,Monferno,391,comum,Cerulean Cave,MAP_CERULEAN_CAVE_1F; MAP_CERULEAN_CAVE_2F; MAP_CERULEAN_CAVE_B1F,grama/caverna e água local,progressão evolutiva pela média regional,Chimchar
392,Infernape,392,comum,Cerulean Cave,MAP_CERULEAN_CAVE_1F; MAP_CERULEAN_CAVE_2F; MAP_CERULEAN_CAVE_B1F,grama/caverna e água local,progressão evolutiva pela média regional,Chimchar
393,Piplup,393,comum,Route 129,MAP_ROUTE129,Surf/pesca,progressão evolutiva pela média regional,Piplup
394,Prinplup,394,comum,Route 129,MAP_ROUTE129,Surf/pesca,progressão evolutiva pela média regional,Piplup
395,Empoleon,395,comum,Route 129,MAP_ROUTE129,Surf/pesca,progressão evolutiva pela média regional,Piplup
396,Starly,396,comum,Route 7,MAP_ROUTE7,grama/caverna,progressão evolutiva pela média regional,Starly
397,Staravia,397,comum,Route 7,MAP_ROUTE7,grama/caverna,progressão evolutiva pela média regional,Starly
398,Staraptor,398,comum,Route 7,MAP_ROUTE7,grama/caverna,progressão evolutiva pela média regional,Starly
399,Bidoof,399,comum,Route 6,MAP_ROUTE6,grama/caverna e água local,progressão evolutiva pela média regional,Bidoof
400,Bibarel,400,comum,Route 6,MAP_ROUTE6,grama/caverna e água local,progressão evolutiva pela média regional,Bidoof
401,Kricketot,401,comum,Petalburg Woods,MAP_PETALBURG_WOODS,grama/caverna,progressão evolutiva pela média regional,Kricketot
402,Kricketune,402,comum,Petalburg Woods,MAP_PETALBURG_WOODS,grama/caverna,progressão evolutiva pela média regional,Kricketot
403,Shinx,403,comum,Water Path,MAP_SIX_ISLAND_WATER_PATH,grama/caverna e água local,progressão evolutiva pela média regional,Shinx
404,Luxio,404,comum,Water Path,MAP_SIX_ISLAND_WATER_PATH,grama/caverna e água local,progressão evolutiva pela média regional,Shinx
405,Luxray,405,comum,Water Path,MAP_SIX_ISLAND_WATER_PATH,grama/caverna e água local,progressão evolutiva pela média regional,Shinx
406,Budew,406,comum,Route 104,MAP_ROUTE104,grama/caverna e água local,progressão evolutiva pela média regional,Budew
407,Roserade,407,comum,Route 104,MAP_ROUTE104,grama/caverna e água local,progressão evolutiva pela média regional,Budew
408,Cranidos,408,comum,Cerulean Cave,MAP_CERULEAN_CAVE_1F; MAP_CERULEAN_CAVE_2F; MAP_CERULEAN_CAVE_B1F,grama/caverna e água local,progressão evolutiva pela média regional,Cranidos
409,Rampardos,409,comum,Cerulean Cave,MAP_CERULEAN_CAVE_1F; MAP_CERULEAN_CAVE_2F; MAP_CERULEAN_CAVE_B1F,grama/caverna e água local,progressão evolutiva pela média regional,Cranidos
410,Shieldon,410,comum,Cerulean Cave,MAP_CERULEAN_CAVE_1F; MAP_CERULEAN_CAVE_2F; MAP_CERULEAN_CAVE_B1F,grama/caverna e água local,progressão evolutiva pela média regional,Shieldon
411,Bastiodon,411,comum,Cerulean Cave,MAP_CERULEAN_CAVE_1F; MAP_CERULEAN_CAVE_2F; MAP_CERULEAN_CAVE_B1F,grama/caverna e água local,progressão evolutiva pela média regional,Shieldon
412,Burmy Plant,412,comum,Route 4,MAP_ROUTE4,grama/caverna e água local,progressão evolutiva pela média regional,Burmy Plant
413,Wormadam Plant,413,comum,Route 4,MAP_ROUTE4,grama/caverna e água local,progressão evolutiva pela média regional,Burmy Plant
414,Mothim Plant,414,comum,Route 4,MAP_ROUTE4,grama/caverna e água local,progressão evolutiva pela média regional,Burmy Plant
415,Combee,415,comum,Route 21,MAP_ROUTE21_NORTH; MAP_ROUTE21_SOUTH,grama/caverna e água local,progressão evolutiva pela média regional,Combee
416,Vespiquen,416,comum,Route 21,MAP_ROUTE21_NORTH; MAP_ROUTE21_SOUTH,grama/caverna e água local,progressão evolutiva pela média regional,Combee
417,Pachirisu,417,comum,Route 115,MAP_ROUTE115,grama/caverna e água local,progressão evolutiva pela média regional,Pachirisu
418,Buizel,418,comum,Birth Island Frlg,MAP_JOURNEYWORLDSEA08,grama/caverna e água local,progressão evolutiva pela média regional,Buizel
419,Floatzel,419,comum,Birth Island Frlg,MAP_JOURNEYWORLDSEA08,grama/caverna e água local,progressão evolutiva pela média regional,Buizel
420,Cherubi,420,comum,Route 3,MAP_ROUTE3,grama/caverna,progressão evolutiva pela média regional,Cherubi
421,Cherrim Overcast,421,comum,Route 3,MAP_ROUTE3,grama/caverna,progressão evolutiva pela média regional,Cherubi
422,Shellos West,422,comum,Victory Road,MAP_VICTORY_ROAD_1F; MAP_VICTORY_ROAD_B1F; MAP_VICTORY_ROAD_B2F,grama/caverna e água local,progressão evolutiva pela média regional,Shellos West
423,Gastrodon West,423,comum,Victory Road,MAP_VICTORY_ROAD_1F; MAP_VICTORY_ROAD_B1F; MAP_VICTORY_ROAD_B2F,grama/caverna e água local,progressão evolutiva pela média regional,Shellos West
424,Ambipom,424,comum,Canyon Entrance,MAP_SEVEN_ISLAND_SEVAULT_CANYON_ENTRANCE,grama/caverna,progressão evolutiva pela média regional,Aipom
425,Drifloon,425,comum,Route 11,MAP_ROUTE11,grama/caverna e água local,progressão evolutiva pela média regional,Drifloon
426,Drifblim,426,comum,Route 11,MAP_ROUTE11,grama/caverna e água local,progressão evolutiva pela média regional,Drifloon
427,Buneary,427,comum,Seven Island,MAP_JOURNEYWORLDSEA07,grama/caverna e água local,progressão evolutiva pela média regional,Buneary
428,Lopunny,428,comum,Seven Island,MAP_JOURNEYWORLDSEA07,grama/caverna e água local,progressão evolutiva pela média regional,Buneary
429,Mismagius,429,comum,Cave Of Origin,MAP_CAVE_OF_ORIGIN_1F; MAP_CAVE_OF_ORIGIN_ENTRANCE; MAP_CAVE_OF_ORIGIN_UNUSED_RUBY_SAPPHIRE_MAP1; MAP_CAVE_OF_ORIGIN_UNUSED_RUBY_SAPPHIRE_MAP2; MAP_CAVE_OF_ORIGIN_UNUSED_RUBY_SAPPHIRE_MAP3,grama/caverna e água local,progressão evolutiva pela média regional,Misdreavus
430,Honchkrow,430,comum,Sevault Canyon,MAP_SEVEN_ISLAND_SEVAULT_CANYON,grama/caverna,progressão evolutiva pela média regional,Murkrow
431,Glameow,431,comum,Route 23,MAP_ROUTE23,grama/caverna e água local,progressão evolutiva pela média regional,Glameow
432,Purugly,432,comum,Route 23,MAP_ROUTE23,grama/caverna e água local,progressão evolutiva pela média regional,Glameow
433,Chingling,433,comum,Pokemon Mansion,MAP_POKEMON_MANSION_1F; MAP_POKEMON_MANSION_2F; MAP_POKEMON_MANSION_3F; MAP_POKEMON_MANSION_B1F,grama/caverna,progressão evolutiva pela média regional,Chingling
434,Stunky,434,comum,Pattern Bush,MAP_SIX_ISLAND_PATTERN_BUSH,grama/caverna,progressão evolutiva pela média regional,Stunky
435,Skuntank,435,comum,Pattern Bush,MAP_SIX_ISLAND_PATTERN_BUSH,grama/caverna,progressão evolutiva pela média regional,Stunky
436,Bronzor,436,comum,Tanoby Ruins,MAP_SEVEN_ISLAND_TANOBY_RUINS; MAP_SEVEN_ISLAND_TANOBY_RUINS_DILFORD_CHAMBER; MAP_SEVEN_ISLAND_TANOBY_RUINS_LIPTOO_CHAMBER; MAP_SEVEN_ISLAND_TANOBY_RUINS_MONEAN_CHAMBER; MAP_SEVEN_ISLAND_TANOBY_RUINS_RIXY_CHAMBER; MAP_SEVEN_ISLAND_TANOBY_RUINS_SCUFIB_CHAMBER; MAP_SEVEN_ISLAND_TANOBY_RUINS_VIAPOIS_CHAMBER; MAP_SEVEN_ISLAND_TANOBY_RUINS_WEEPTH_CHAMBER,grama/caverna e água local,progressão evolutiva pela média regional,Bronzor
437,Bronzong,437,comum,Tanoby Ruins,MAP_SEVEN_ISLAND_TANOBY_RUINS; MAP_SEVEN_ISLAND_TANOBY_RUINS_DILFORD_CHAMBER; MAP_SEVEN_ISLAND_TANOBY_RUINS_LIPTOO_CHAMBER; MAP_SEVEN_ISLAND_TANOBY_RUINS_MONEAN_CHAMBER; MAP_SEVEN_ISLAND_TANOBY_RUINS_RIXY_CHAMBER; MAP_SEVEN_ISLAND_TANOBY_RUINS_SCUFIB_CHAMBER; MAP_SEVEN_ISLAND_TANOBY_RUINS_VIAPOIS_CHAMBER; MAP_SEVEN_ISLAND_TANOBY_RUINS_WEEPTH_CHAMBER,grama/caverna e água local,progressão evolutiva pela média regional,Bronzor
438,Bonsly,438,comum,Victory Road,MAP_VICTORY_ROAD_1F; MAP_VICTORY_ROAD_B1F; MAP_VICTORY_ROAD_B2F,grama/caverna e água local,progressão evolutiva pela média regional,Bonsly
439,Mime Jr,439,comum,Route 13,MAP_ROUTE13,grama/caverna e água local,progressão evolutiva pela média regional,Mime Jr
440,Happiny,440,comum,Seven Island,MAP_JOURNEYWORLDSEA07,grama/caverna e água local,progressão evolutiva pela média regional,Happiny
441,Chatot,441,comum,Cerulean Cave,MAP_CERULEAN_CAVE_1F; MAP_CERULEAN_CAVE_2F; MAP_CERULEAN_CAVE_B1F,grama/caverna e água local,progressão evolutiva pela média regional,Chatot
442,Spiritomb,442,comum,New Mauville,MAP_NEW_MAUVILLE_ENTRANCE; MAP_NEW_MAUVILLE_INSIDE,grama/caverna,progressão evolutiva pela média regional,Spiritomb
443,Gible,443,comum,Shoal Cave,MAP_SHOAL_CAVE_LOW_TIDE_ENTRANCE_ROOM; MAP_SHOAL_CAVE_LOW_TIDE_ICE_ROOM; MAP_SHOAL_CAVE_LOW_TIDE_INNER_ROOM; MAP_SHOAL_CAVE_LOW_TIDE_LOWER_ROOM; MAP_SHOAL_CAVE_LOW_TIDE_STAIRS_ROOM,grama/caverna e água local,progressão evolutiva pela média regional,Gible
444,Gabite,444,comum,Shoal Cave,MAP_SHOAL_CAVE_LOW_TIDE_ENTRANCE_ROOM; MAP_SHOAL_CAVE_LOW_TIDE_ICE_ROOM; MAP_SHOAL_CAVE_LOW_TIDE_INNER_ROOM; MAP_SHOAL_CAVE_LOW_TIDE_LOWER_ROOM; MAP_SHOAL_CAVE_LOW_TIDE_STAIRS_ROOM,grama/caverna e água local,progressão evolutiva pela média regional,Gible
445,Garchomp,445,comum,Shoal Cave,MAP_SHOAL_CAVE_LOW_TIDE_ENTRANCE_ROOM; MAP_SHOAL_CAVE_LOW_TIDE_ICE_ROOM; MAP_SHOAL_CAVE_LOW_TIDE_INNER_ROOM; MAP_SHOAL_CAVE_LOW_TIDE_LOWER_ROOM; MAP_SHOAL_CAVE_LOW_TIDE_STAIRS_ROOM,grama/caverna e água local,progressão evolutiva pela média regional,Gible
446,Munchlax,446,comum,Cape Brink,MAP_TWO_ISLAND_CAPE_BRINK,grama/caverna e água local,progressão evolutiva pela média regional,Munchlax
447,Riolu,447,comum,Birth Island Frlg,MAP_JOURNEYWORLDSEA08,grama/caverna e água local,progressão evolutiva pela média regional,Riolu
448,Lucario,448,comum,Birth Island Frlg,MAP_JOURNEYWORLDSEA08,grama/caverna e água local,progressão evolutiva pela média regional,Riolu
449,Hippopotas,449,comum,Kanto Victory Road,MAP_VICTORY_ROAD_1F_FRLG; MAP_VICTORY_ROAD_2F; MAP_VICTORY_ROAD_3F,grama/caverna,progressão evolutiva pela média regional,Hippopotas
450,Hippowdon,450,comum,Kanto Victory Road,MAP_VICTORY_ROAD_1F_FRLG; MAP_VICTORY_ROAD_2F; MAP_VICTORY_ROAD_3F,grama/caverna,progressão evolutiva pela média regional,Hippopotas
451,Skorupi,451,comum,Berry Forest,MAP_THREE_ISLAND_BERRY_FOREST,grama/caverna e água local,progressão evolutiva pela média regional,Skorupi
452,Drapion,452,comum,Berry Forest,MAP_THREE_ISLAND_BERRY_FOREST,grama/caverna e água local,progressão evolutiva pela média regional,Skorupi
453,Croagunk,453,comum,Route 121,MAP_ROUTE121,grama/caverna e água local,progressão evolutiva pela média regional,Croagunk
454,Toxicroak,454,comum,Route 121,MAP_ROUTE121,grama/caverna e água local,progressão evolutiva pela média regional,Croagunk
455,Carnivine,455,comum,Route 111,MAP_ROUTE111,grama/caverna e água local,progressão evolutiva pela média regional,Carnivine
456,Finneon,456,comum,One Island,MAP_JOURNEYWORLDSEA01; MAP_ONE_ISLAND,grama/caverna e água local,progressão evolutiva pela média regional,Finneon
457,Lumineon,457,comum,One Island,MAP_JOURNEYWORLDSEA01; MAP_ONE_ISLAND,grama/caverna e água local,progressão evolutiva pela média regional,Finneon
458,Mantyke,458,comum,Abandoned Ship,MAP_ABANDONED_SHIP_HIDDEN_FLOOR_CORRIDORS; MAP_ABANDONED_SHIP_ROOMS_B1F,Surf/pesca,progressão evolutiva pela média regional,Mantyke
459,Snover,459,comum,Route 12,MAP_ROUTE12,grama/caverna e água local,progressão evolutiva pela média regional,Snover
460,Abomasnow,460,comum,Route 12,MAP_ROUTE12,grama/caverna e água local,progressão evolutiva pela média regional,Snover
461,Weavile,461,comum,Viridian Forest,MAP_VIRIDIAN_FOREST,grama/caverna,progressão evolutiva pela média regional,Sneasel
462,Magnezone,462,comum,Five Island,MAP_FIVE_ISLAND; MAP_JOURNEYWORLDSEA05,grama/caverna e água local,progressão evolutiva pela média regional,Magnemite
463,Lickilicky,463,comum,Sky Pillar,MAP_SKY_PILLAR_1F; MAP_SKY_PILLAR_3F; MAP_SKY_PILLAR_5F,grama/caverna,progressão evolutiva pela média regional,Lickitung
464,Rhyperior,464,comum,Rusturf Tunnel,MAP_RUSTURF_TUNNEL,grama/caverna,progressão evolutiva pela média regional,Rhyhorn
465,Tangrowth,465,comum,Canyon Entrance,MAP_SEVEN_ISLAND_SEVAULT_CANYON_ENTRANCE,grama/caverna,progressão evolutiva pela média regional,Tangela
466,Electivire,466,comum,Kanto Safari Zone,MAP_SAFARI_ZONE_CENTER; MAP_SAFARI_ZONE_EAST; MAP_SAFARI_ZONE_NORTH_FRLG; MAP_SAFARI_ZONE_WEST,grama/caverna e água local,progressão evolutiva pela média regional,Elekid
467,Magmortar,467,comum,Kanto Safari Zone,MAP_SAFARI_ZONE_CENTER; MAP_SAFARI_ZONE_EAST; MAP_SAFARI_ZONE_NORTH_FRLG; MAP_SAFARI_ZONE_WEST,grama/caverna e água local,progressão evolutiva pela média regional,Magby
468,Togekiss,468,comum,Cape Brink,MAP_TWO_ISLAND_CAPE_BRINK,grama/caverna e água local,progressão evolutiva pela média regional,Togepi
469,Yanmega,469,comum,Route 11,MAP_ROUTE11,grama/caverna e água local,progressão evolutiva pela média regional,Yanma
470,Leafeon,470,comum,Safari Zone,MAP_SAFARI_ZONE_NORTH; MAP_SAFARI_ZONE_NORTHEAST; MAP_SAFARI_ZONE_NORTHWEST; MAP_SAFARI_ZONE_SOUTH; MAP_SAFARI_ZONE_SOUTHEAST; MAP_SAFARI_ZONE_SOUTHWEST,grama/caverna e água local,progressão evolutiva pela média regional,Eevee
471,Glaceon,471,comum,Safari Zone,MAP_SAFARI_ZONE_NORTH; MAP_SAFARI_ZONE_NORTHEAST; MAP_SAFARI_ZONE_NORTHWEST; MAP_SAFARI_ZONE_SOUTH; MAP_SAFARI_ZONE_SOUTHEAST; MAP_SAFARI_ZONE_SOUTHWEST,grama/caverna e água local,progressão evolutiva pela média regional,Eevee
472,Gliscor,472,comum,Power Plant,MAP_POWER_PLANT,grama/caverna,progressão evolutiva pela média regional,Gligar
473,Mamoswine,473,comum,Rock Tunnel,MAP_ROCK_TUNNEL_1F; MAP_ROCK_TUNNEL_B1F,grama/caverna,progressão evolutiva pela média regional,Swinub
474,Porygon Z,474,comum,Sevault Canyon,MAP_SEVEN_ISLAND_SEVAULT_CANYON,grama/caverna,progressão evolutiva pela média regional,Porygon
475,Gallade,475,comum,Birth Island Frlg,MAP_JOURNEYWORLDSEA08,grama/caverna e água local,progressão evolutiva pela média regional,Ralts
476,Probopass,476,comum,Kindle Road,MAP_ONE_ISLAND_KINDLE_ROAD,grama/caverna e água local,progressão evolutiva pela média regional,Nosepass
477,Dusknoir,477,comum,Pokemon Mansion,MAP_POKEMON_MANSION_1F; MAP_POKEMON_MANSION_2F; MAP_POKEMON_MANSION_3F; MAP_POKEMON_MANSION_B1F,grama/caverna,progressão evolutiva pela média regional,Duskull
478,Froslass,478,comum,Treasure Beach,MAP_ONE_ISLAND_TREASURE_BEACH,grama/caverna e água local,progressão evolutiva pela média regional,Snorunt
479,Rotom,479,comum,Jagged Pass,MAP_JAGGED_PASS,grama/caverna,progressão evolutiva pela média regional,Rotom
480,Uxie,480,encontro especial,Caverna Estrelas,JourneySanctuaryEstrelas; JourneyWorldSea07,Surf,8 insígnias de Kanto + 8 de Hoenn; antes das Ligas,
481,Mesprit,481,encontro especial,Caverna Dimensoes,JourneySanctuaryDimensoes; JourneyRustboroCoast,Surf + Dive,8 insígnias de Kanto + 8 de Hoenn; antes das Ligas,
482,Azelf,482,encontro especial,Caverna Aurora,JourneySanctuaryAurora; JourneyWorldSea01,Surf,8 insígnias de Kanto + 8 de Hoenn; antes das Ligas,
483,Dialga,483,encontro especial,Caverna Dragoes,JourneySanctuaryDragoes; JourneyWorldSea06,Surf,8 insígnias de Kanto + 8 de Hoenn; antes das Ligas,
484,Palkia,484,encontro especial,Caverna Mares,JourneySanctuaryMares; JourneyHoennNorthSea,Surf + Dive,8 insígnias de Kanto + 8 de Hoenn; antes das Ligas,
485,Heatran,485,encontro especial,Caverna Titans,JourneySanctuaryTitans; JourneyWorldSea03,Surf,8 insígnias de Kanto + 8 de Hoenn; antes das Ligas,
486,Regigigas,486,encontro especial,Caverna Eclipse,JourneySanctuaryEclipse; JourneyWorldSea05,Surf,8 insígnias de Kanto + 8 de Hoenn; antes das Ligas,
487,Giratina Altered,487,encontro especial,Caverna Eclipse,JourneySanctuaryEclipse; JourneyWorldSea05,Surf,8 insígnias de Kanto + 8 de Hoenn; antes das Ligas,
488,Cresselia,488,encontro especial,Caverna Estrelas,JourneySanctuaryEstrelas; JourneyWorldSea07,Surf,8 insígnias de Kanto + 8 de Hoenn; antes das Ligas,
489,Phione,489,encontro especial,Caverna Profundezas,JourneySanctuaryProfundezas; JourneyHoennSouthSea,Surf + Dive,8 insígnias de Kanto + 8 de Hoenn; antes das Ligas,
490,Manaphy,490,encontro especial,Caverna Mares,JourneySanctuaryMares; JourneyHoennNorthSea,Surf + Dive,8 insígnias de Kanto + 8 de Hoenn; antes das Ligas,
491,Darkrai,491,encontro especial,Caverna Eclipse,JourneySanctuaryEclipse; JourneyWorldSea05,Surf,8 insígnias de Kanto + 8 de Hoenn; antes das Ligas,
492,Shaymin Land,492,encontro especial,Caverna Floresta,JourneySanctuaryFloresta; JourneyWorldSea04,Surf,8 insígnias de Kanto + 8 de Hoenn; antes das Ligas,
493,Arceus Normal,493,encontro especial,Caverna Abismo,JourneySanctuaryAbismo; JourneyDewfordCoast,Surf + Dive,8 insígnias de Kanto + 8 de Hoenn; antes das Ligas,
494,Victini,494,encontro especial,Caverna Dimensoes,JourneySanctuaryDimensoes; JourneyRustboroCoast,Surf + Dive,8 insígnias de Kanto + 8 de Hoenn; antes das Ligas,
495,Snivy,495,comum,Jagged Pass,MAP_JAGGED_PASS,grama/caverna,progressão evolutiva pela média regional,Snivy
496,Servine,496,comum,Jagged Pass,MAP_JAGGED_PASS,grama/caverna,progressão evolutiva pela média regional,Snivy
497,Serperior,497,comum,Jagged Pass,MAP_JAGGED_PASS,grama/caverna,progressão evolutiva pela média regional,Snivy
498,Tepig,498,comum,Fiery Path,MAP_FIERY_PATH,grama/caverna,progressão evolutiva pela média regional,Tepig
499,Pignite,499,comum,Fiery Path,MAP_FIERY_PATH,grama/caverna,progressão evolutiva pela média regional,Tepig
500,Emboar,500,comum,Fiery Path,MAP_FIERY_PATH,grama/caverna,progressão evolutiva pela média regional,Tepig
501,Oshawott,501,comum,Dewford Town,MAP_DEWFORD_TOWN,Surf/pesca,progressão evolutiva pela média regional,Oshawott
502,Dewott,502,comum,Dewford Town,MAP_DEWFORD_TOWN,Surf/pesca,progressão evolutiva pela média regional,Oshawott
503,Samurott,503,comum,Dewford Town,MAP_DEWFORD_TOWN,Surf/pesca,progressão evolutiva pela média regional,Oshawott
503,Samurott Hisui,1000,forma regional,Dewford Town,MAP_DEWFORD_TOWN,Surf/pesca,progressão evolutiva pela média regional,Oshawott
504,Patrat,504,comum,Route 101,MAP_ROUTE101,grama/caverna,progressão evolutiva pela média regional,Patrat
505,Watchog,505,comum,Route 101,MAP_ROUTE101,grama/caverna,progressão evolutiva pela média regional,Patrat
506,Lillipup,506,comum,Route 118,MAP_ROUTE118,grama/caverna e água local,progressão evolutiva pela média regional,Lillipup
507,Herdier,507,comum,Route 118,MAP_ROUTE118,grama/caverna e água local,progressão evolutiva pela média regional,Lillipup
508,Stoutland,508,comum,Route 118,MAP_ROUTE118,grama/caverna e água local,progressão evolutiva pela média regional,Lillipup
509,Purrloin,509,comum,Desert Underpass,MAP_DESERT_UNDERPASS,grama/caverna,progressão evolutiva pela média regional,Purrloin
510,Liepard,510,comum,Desert Underpass,MAP_DESERT_UNDERPASS,grama/caverna,progressão evolutiva pela média regional,Purrloin
511,Pansage,511,comum,Route 25,MAP_ROUTE25,grama/caverna e água local,progressão evolutiva pela média regional,Pansage
512,Simisage,512,comum,Route 25,MAP_ROUTE25,grama/caverna e água local,progressão evolutiva pela média regional,Pansage
513,Pansear,513,comum,Route 7,MAP_ROUTE7,grama/caverna,progressão evolutiva pela média regional,Pansear
514,Simisear,514,comum,Route 7,MAP_ROUTE7,grama/caverna,progressão evolutiva pela média regional,Pansear
515,Panpour,515,comum,Route 117,MAP_ROUTE117,grama/caverna e água local,progressão evolutiva pela média regional,Panpour
516,Simipour,516,comum,Route 117,MAP_ROUTE117,grama/caverna e água local,progressão evolutiva pela média regional,Panpour
517,Munna,517,comum,Route 116,MAP_ROUTE116,grama/caverna,progressão evolutiva pela média regional,Munna
518,Musharna,518,comum,Route 116,MAP_ROUTE116,grama/caverna,progressão evolutiva pela média regional,Munna
519,Pidove,519,comum,Route 22,MAP_ROUTE22,grama/caverna e água local,progressão evolutiva pela média regional,Pidove
520,Tranquill,520,comum,Route 22,MAP_ROUTE22,grama/caverna e água local,progressão evolutiva pela média regional,Pidove
521,Unfezant,521,comum,Route 22,MAP_ROUTE22,grama/caverna e água local,progressão evolutiva pela média regional,Pidove
522,Blitzle,522,comum,Five Island,MAP_FIVE_ISLAND; MAP_JOURNEYWORLDSEA05,grama/caverna e água local,progressão evolutiva pela média regional,Blitzle
523,Zebstrika,523,comum,Five Island,MAP_FIVE_ISLAND; MAP_JOURNEYWORLDSEA05,grama/caverna e água local,progressão evolutiva pela média regional,Blitzle
524,Roggenrola,524,comum,Digletts Cave,MAP_DIGLETTS_CAVE_B1F,grama/caverna,progressão evolutiva pela média regional,Roggenrola
525,Boldore,525,comum,Digletts Cave,MAP_DIGLETTS_CAVE_B1F,grama/caverna,progressão evolutiva pela média regional,Roggenrola
526,Gigalith,526,comum,Digletts Cave,MAP_DIGLETTS_CAVE_B1F,grama/caverna,progressão evolutiva pela média regional,Roggenrola
527,Woobat,527,comum,Route 13,MAP_ROUTE13,grama/caverna e água local,progressão evolutiva pela média regional,Woobat
528,Swoobat,528,comum,Route 13,MAP_ROUTE13,grama/caverna e água local,progressão evolutiva pela média regional,Woobat
529,Drilbur,529,comum,Granite Cave,MAP_GRANITE_CAVE_1F; MAP_GRANITE_CAVE_B1F; MAP_GRANITE_CAVE_B2F; MAP_GRANITE_CAVE_STEVENS_ROOM,grama/caverna,progressão evolutiva pela média regional,Drilbur
530,Excadrill,530,comum,Granite Cave,MAP_GRANITE_CAVE_1F; MAP_GRANITE_CAVE_B1F; MAP_GRANITE_CAVE_B2F; MAP_GRANITE_CAVE_STEVENS_ROOM,grama/caverna,progressão evolutiva pela média regional,Drilbur
531,Audino,531,comum,Route 121,MAP_ROUTE121,grama/caverna e água local,progressão evolutiva pela média regional,Audino
532,Timburr,532,comum,Route 114,MAP_JOURNEYDEWFORDCOAST; MAP_JOURNEYRUSTBOROCOAST; MAP_ROUTE114,grama/caverna e água local,progressão evolutiva pela média regional,Timburr
533,Gurdurr,533,comum,Route 114,MAP_JOURNEYDEWFORDCOAST; MAP_JOURNEYRUSTBOROCOAST; MAP_ROUTE114,grama/caverna e água local,progressão evolutiva pela média regional,Timburr
534,Conkeldurr,534,comum,Route 114,MAP_JOURNEYDEWFORDCOAST; MAP_JOURNEYRUSTBOROCOAST; MAP_ROUTE114,grama/caverna e água local,progressão evolutiva pela média regional,Timburr
535,Tympole,535,comum,Slateport City,MAP_SLATEPORT_CITY,Surf/pesca,progressão evolutiva pela média regional,Tympole
536,Palpitoad,536,comum,Slateport City,MAP_SLATEPORT_CITY,Surf/pesca,progressão evolutiva pela média regional,Tympole
537,Seismitoad,537,comum,Slateport City,MAP_SLATEPORT_CITY,Surf/pesca,progressão evolutiva pela média regional,Tympole
538,Throh,538,comum,Jagged Pass,MAP_JAGGED_PASS,grama/caverna,progressão evolutiva pela média regional,Throh
539,Sawk,539,comum,Shoal Cave,MAP_SHOAL_CAVE_LOW_TIDE_ENTRANCE_ROOM; MAP_SHOAL_CAVE_LOW_TIDE_ICE_ROOM; MAP_SHOAL_CAVE_LOW_TIDE_INNER_ROOM; MAP_SHOAL_CAVE_LOW_TIDE_LOWER_ROOM; MAP_SHOAL_CAVE_LOW_TIDE_STAIRS_ROOM,grama/caverna e água local,progressão evolutiva pela média regional,Sawk
540,Sewaddle,540,comum,Route 21,MAP_ROUTE21_NORTH; MAP_ROUTE21_SOUTH,grama/caverna e água local,progressão evolutiva pela média regional,Sewaddle
541,Swadloon,541,comum,Route 21,MAP_ROUTE21_NORTH; MAP_ROUTE21_SOUTH,grama/caverna e água local,progressão evolutiva pela média regional,Sewaddle
542,Leavanny,542,comum,Route 21,MAP_ROUTE21_NORTH; MAP_ROUTE21_SOUTH,grama/caverna e água local,progressão evolutiva pela média regional,Sewaddle
543,Venipede,543,comum,Pattern Bush,MAP_SIX_ISLAND_PATTERN_BUSH,grama/caverna,progressão evolutiva pela média regional,Venipede
544,Whirlipede,544,comum,Pattern Bush,MAP_SIX_ISLAND_PATTERN_BUSH,grama/caverna,progressão evolutiva pela média regional,Venipede
545,Scolipede,545,comum,Pattern Bush,MAP_SIX_ISLAND_PATTERN_BUSH,grama/caverna,progressão evolutiva pela média regional,Venipede
546,Cottonee,546,comum,Route 101,MAP_ROUTE101,grama/caverna,progressão evolutiva pela média regional,Cottonee
547,Whimsicott,547,comum,Route 101,MAP_ROUTE101,grama/caverna,progressão evolutiva pela média regional,Cottonee
548,Petilil,548,comum,Water Path,MAP_SIX_ISLAND_WATER_PATH,grama/caverna e água local,progressão evolutiva pela média regional,Petilil
549,Lilligant,549,comum,Water Path,MAP_SIX_ISLAND_WATER_PATH,grama/caverna e água local,progressão evolutiva pela média regional,Petilil
549,Lilligant Hisui,1001,forma regional,Water Path,MAP_SIX_ISLAND_WATER_PATH,grama/caverna e água local,progressão evolutiva pela média regional,Petilil
550,Basculin Red Striped,550,comum,Route 22,MAP_ROUTE22,grama/caverna e água local,progressão evolutiva pela média regional,Basculin Red Striped
551,Sandile,551,comum,Lost Cave,MAP_FIVE_ISLAND_LOST_CAVE_ROOM1; MAP_FIVE_ISLAND_LOST_CAVE_ROOM10; MAP_FIVE_ISLAND_LOST_CAVE_ROOM11; MAP_FIVE_ISLAND_LOST_CAVE_ROOM12; MAP_FIVE_ISLAND_LOST_CAVE_ROOM13; MAP_FIVE_ISLAND_LOST_CAVE_ROOM14; MAP_FIVE_ISLAND_LOST_CAVE_ROOM2; MAP_FIVE_ISLAND_LOST_CAVE_ROOM3; MAP_FIVE_ISLAND_LOST_CAVE_ROOM4; MAP_FIVE_ISLAND_LOST_CAVE_ROOM5; MAP_FIVE_ISLAND_LOST_CAVE_ROOM6; MAP_FIVE_ISLAND_LOST_CAVE_ROOM7; MAP_FIVE_ISLAND_LOST_CAVE_ROOM8; MAP_FIVE_ISLAND_LOST_CAVE_ROOM9,grama/caverna,progressão evolutiva pela média regional,Sandile
552,Krokorok,552,comum,Lost Cave,MAP_FIVE_ISLAND_LOST_CAVE_ROOM1; MAP_FIVE_ISLAND_LOST_CAVE_ROOM10; MAP_FIVE_ISLAND_LOST_CAVE_ROOM11; MAP_FIVE_ISLAND_LOST_CAVE_ROOM12; MAP_FIVE_ISLAND_LOST_CAVE_ROOM13; MAP_FIVE_ISLAND_LOST_CAVE_ROOM14; MAP_FIVE_ISLAND_LOST_CAVE_ROOM2; MAP_FIVE_ISLAND_LOST_CAVE_ROOM3; MAP_FIVE_ISLAND_LOST_CAVE_ROOM4; MAP_FIVE_ISLAND_LOST_CAVE_ROOM5; MAP_FIVE_ISLAND_LOST_CAVE_ROOM6; MAP_FIVE_ISLAND_LOST_CAVE_ROOM7; MAP_FIVE_ISLAND_LOST_CAVE_ROOM8; MAP_FIVE_ISLAND_LOST_CAVE_ROOM9,grama/caverna,progressão evolutiva pela média regional,Sandile
553,Krookodile,553,comum,Lost Cave,MAP_FIVE_ISLAND_LOST_CAVE_ROOM1; MAP_FIVE_ISLAND_LOST_CAVE_ROOM10; MAP_FIVE_ISLAND_LOST_CAVE_ROOM11; MAP_FIVE_ISLAND_LOST_CAVE_ROOM12; MAP_FIVE_ISLAND_LOST_CAVE_ROOM13; MAP_FIVE_ISLAND_LOST_CAVE_ROOM14; MAP_FIVE_ISLAND_LOST_CAVE_ROOM2; MAP_FIVE_ISLAND_LOST_CAVE_ROOM3; MAP_FIVE_ISLAND_LOST_CAVE_ROOM4; MAP_FIVE_ISLAND_LOST_CAVE_ROOM5; MAP_FIVE_ISLAND_LOST_CAVE_ROOM6; MAP_FIVE_ISLAND_LOST_CAVE_ROOM7; MAP_FIVE_ISLAND_LOST_CAVE_ROOM8; MAP_FIVE_ISLAND_LOST_CAVE_ROOM9,grama/caverna,progressão evolutiva pela média regional,Sandile
554,Darumaka,554,comum,Route 18,MAP_ROUTE18,grama/caverna,progressão evolutiva pela média regional,Darumaka
554,Darumaka Galar,989,forma regional,Route 18,MAP_ROUTE18,grama/caverna,progressão evolutiva pela média regional,Darumaka
555,Darmanitan Standard,555,comum,Route 18,MAP_ROUTE18,grama/caverna,progressão evolutiva pela média regional,Darumaka
555,Darmanitan Galar Standard,990,forma regional,Route 18,MAP_ROUTE18,grama/caverna,progressão evolutiva pela média regional,Darumaka
555,Darmanitan Galar Zen,1093,forma regional,Route 18,MAP_ROUTE18,grama/caverna,progressão evolutiva pela média regional,Darumaka
556,Maractus,556,comum,One Island,MAP_JOURNEYWORLDSEA01; MAP_ONE_ISLAND,grama/caverna e água local,progressão evolutiva pela média regional,Maractus
557,Dwebble,557,comum,Pattern Bush,MAP_SIX_ISLAND_PATTERN_BUSH,grama/caverna,progressão evolutiva pela média regional,Dwebble
558,Crustle,558,comum,Pattern Bush,MAP_SIX_ISLAND_PATTERN_BUSH,grama/caverna,progressão evolutiva pela média regional,Dwebble
559,Scraggy,559,comum,Route 22,MAP_ROUTE22,grama/caverna e água local,progressão evolutiva pela média regional,Scraggy
560,Scrafty,560,comum,Route 22,MAP_ROUTE22,grama/caverna e água local,progressão evolutiva pela média regional,Scraggy
561,Sigilyph,561,comum,Shoal Cave,MAP_SHOAL_CAVE_LOW_TIDE_ENTRANCE_ROOM; MAP_SHOAL_CAVE_LOW_TIDE_ICE_ROOM; MAP_SHOAL_CAVE_LOW_TIDE_INNER_ROOM; MAP_SHOAL_CAVE_LOW_TIDE_LOWER_ROOM; MAP_SHOAL_CAVE_LOW_TIDE_STAIRS_ROOM,grama/caverna e água local,progressão evolutiva pela média regional,Sigilyph
562,Yamask,562,comum,Victory Road,MAP_VICTORY_ROAD_1F; MAP_VICTORY_ROAD_B1F; MAP_VICTORY_ROAD_B2F,grama/caverna e água local,progressão evolutiva pela média regional,Yamask
562,Yamask Galar,991,forma regional,Victory Road,MAP_VICTORY_ROAD_1F; MAP_VICTORY_ROAD_B1F; MAP_VICTORY_ROAD_B2F,grama/caverna e água local,progressão evolutiva pela média regional,Yamask
563,Cofagrigus,563,comum,Victory Road,MAP_VICTORY_ROAD_1F; MAP_VICTORY_ROAD_B1F; MAP_VICTORY_ROAD_B2F,grama/caverna e água local,progressão evolutiva pela média regional,Yamask
564,Tirtouga,564,comum,Pacifidlog Town,MAP_PACIFIDLOG_TOWN,Surf/pesca,progressão evolutiva pela média regional,Tirtouga
565,Carracosta,565,comum,Pacifidlog Town,MAP_PACIFIDLOG_TOWN,Surf/pesca,progressão evolutiva pela média regional,Tirtouga
566,Archen,566,comum,Jagged Pass,MAP_JAGGED_PASS,grama/caverna,progressão evolutiva pela média regional,Archen
567,Archeops,567,comum,Jagged Pass,MAP_JAGGED_PASS,grama/caverna,progressão evolutiva pela média regional,Archen
568,Trubbish,568,comum,Route 6,MAP_ROUTE6,grama/caverna e água local,progressão evolutiva pela média regional,Trubbish
569,Garbodor,569,comum,Route 6,MAP_ROUTE6,grama/caverna e água local,progressão evolutiva pela média regional,Trubbish
570,Zorua,570,comum,Mt Pyre,MAP_MT_PYRE_1F; MAP_MT_PYRE_2F; MAP_MT_PYRE_3F; MAP_MT_PYRE_4F; MAP_MT_PYRE_5F; MAP_MT_PYRE_6F; MAP_MT_PYRE_EXTERIOR; MAP_MT_PYRE_SUMMIT,grama/caverna,progressão evolutiva pela média regional,Zorua
570,Zorua Hisui,1002,forma regional,Mt Pyre,MAP_MT_PYRE_1F; MAP_MT_PYRE_2F; MAP_MT_PYRE_3F; MAP_MT_PYRE_4F; MAP_MT_PYRE_5F; MAP_MT_PYRE_6F; MAP_MT_PYRE_EXTERIOR; MAP_MT_PYRE_SUMMIT,grama/caverna,progressão evolutiva pela média regional,Zorua
571,Zoroark,571,comum,Mt Pyre,MAP_MT_PYRE_1F; MAP_MT_PYRE_2F; MAP_MT_PYRE_3F; MAP_MT_PYRE_4F; MAP_MT_PYRE_5F; MAP_MT_PYRE_6F; MAP_MT_PYRE_EXTERIOR; MAP_MT_PYRE_SUMMIT,grama/caverna,progressão evolutiva pela média regional,Zorua
571,Zoroark Hisui,1003,forma regional,Mt Pyre,MAP_MT_PYRE_1F; MAP_MT_PYRE_2F; MAP_MT_PYRE_3F; MAP_MT_PYRE_4F; MAP_MT_PYRE_5F; MAP_MT_PYRE_6F; MAP_MT_PYRE_EXTERIOR; MAP_MT_PYRE_SUMMIT,grama/caverna,progressão evolutiva pela média regional,Zorua
572,Minccino,572,comum,Four Island,MAP_FOUR_ISLAND; MAP_JOURNEYWORLDSEA04,grama/caverna e água local,progressão evolutiva pela média regional,Minccino
573,Cinccino,573,comum,Four Island,MAP_FOUR_ISLAND; MAP_JOURNEYWORLDSEA04,grama/caverna e água local,progressão evolutiva pela média regional,Minccino
574,Gothita,574,comum,Granite Cave,MAP_GRANITE_CAVE_1F; MAP_GRANITE_CAVE_B1F; MAP_GRANITE_CAVE_B2F; MAP_GRANITE_CAVE_STEVENS_ROOM,grama/caverna,progressão evolutiva pela média regional,Gothita
575,Gothorita,575,comum,Granite Cave,MAP_GRANITE_CAVE_1F; MAP_GRANITE_CAVE_B1F; MAP_GRANITE_CAVE_B2F; MAP_GRANITE_CAVE_STEVENS_ROOM,grama/caverna,progressão evolutiva pela média regional,Gothita
576,Gothitelle,576,comum,Granite Cave,MAP_GRANITE_CAVE_1F; MAP_GRANITE_CAVE_B1F; MAP_GRANITE_CAVE_B2F; MAP_GRANITE_CAVE_STEVENS_ROOM,grama/caverna,progressão evolutiva pela média regional,Gothita
577,Solosis,577,comum,Route 23,MAP_ROUTE23,grama/caverna e água local,progressão evolutiva pela média regional,Solosis
578,Duosion,578,comum,Route 23,MAP_ROUTE23,grama/caverna e água local,progressão evolutiva pela média regional,Solosis
579,Reuniclus,579,comum,Route 23,MAP_ROUTE23,grama/caverna e água local,progressão evolutiva pela média regional,Solosis
580,Ducklett,580,comum,Route 108,MAP_ROUTE108,Surf/pesca,progressão evolutiva pela média regional,Ducklett
581,Swanna,581,comum,Route 108,MAP_ROUTE108,Surf/pesca,progressão evolutiva pela média regional,Ducklett
582,Vanillite,582,comum,Route 16,MAP_ROUTE16,grama/caverna,progressão evolutiva pela média regional,Vanillite
583,Vanillish,583,comum,Route 16,MAP_ROUTE16,grama/caverna,progressão evolutiva pela média regional,Vanillite
584,Vanilluxe,584,comum,Route 16,MAP_ROUTE16,grama/caverna,progressão evolutiva pela média regional,Vanillite
585,Deerling Spring,585,comum,Route 103,MAP_ROUTE103,grama/caverna e água local,progressão evolutiva pela média regional,Deerling Spring
586,Sawsbuck Spring,586,comum,Route 103,MAP_ROUTE103,grama/caverna e água local,progressão evolutiva pela média regional,Deerling Spring
587,Emolga,587,comum,Route 2,MAP_ROUTE2,grama/caverna,progressão evolutiva pela média regional,Emolga
588,Karrablast,588,comum,One Island,MAP_JOURNEYWORLDSEA01; MAP_ONE_ISLAND,grama/caverna e água local,progressão evolutiva pela média regional,Karrablast
589,Escavalier,589,comum,One Island,MAP_JOURNEYWORLDSEA01; MAP_ONE_ISLAND,grama/caverna e água local,progressão evolutiva pela média regional,Karrablast
590,Foongus,590,comum,Route 11,MAP_ROUTE11,grama/caverna e água local,progressão evolutiva pela média regional,Foongus
591,Amoonguss,591,comum,Route 11,MAP_ROUTE11,grama/caverna e água local,progressão evolutiva pela média regional,Foongus
592,Frillish,592,comum,Route 4,MAP_ROUTE4,grama/caverna e água local,progressão evolutiva pela média regional,Frillish
593,Jellicent,593,comum,Route 4,MAP_ROUTE4,grama/caverna e água local,progressão evolutiva pela média regional,Frillish
594,Alomomola,594,comum,Route 124,MAP_ROUTE124; MAP_UNDERWATER_ROUTE124,Surf/pesca,progressão evolutiva pela média regional,Alomomola
595,Joltik,595,comum,Power Plant,MAP_POWER_PLANT,grama/caverna,progressão evolutiva pela média regional,Joltik
596,Galvantula,596,comum,Power Plant,MAP_POWER_PLANT,grama/caverna,progressão evolutiva pela média regional,Joltik
597,Ferroseed,597,comum,Treasure Beach,MAP_ONE_ISLAND_TREASURE_BEACH,grama/caverna e água local,progressão evolutiva pela média regional,Ferroseed
598,Ferrothorn,598,comum,Treasure Beach,MAP_ONE_ISLAND_TREASURE_BEACH,grama/caverna e água local,progressão evolutiva pela média regional,Ferroseed
599,Klink,599,comum,Rock Tunnel,MAP_ROCK_TUNNEL_1F; MAP_ROCK_TUNNEL_B1F,grama/caverna,progressão evolutiva pela média regional,Klink
600,Klang,600,comum,Rock Tunnel,MAP_ROCK_TUNNEL_1F; MAP_ROCK_TUNNEL_B1F,grama/caverna,progressão evolutiva pela média regional,Klink
601,Klinklang,601,comum,Rock Tunnel,MAP_ROCK_TUNNEL_1F; MAP_ROCK_TUNNEL_B1F,grama/caverna,progressão evolutiva pela média regional,Klink
602,Tynamo,602,comum,Route 117,MAP_ROUTE117,grama/caverna e água local,progressão evolutiva pela média regional,Tynamo
603,Eelektrik,603,comum,Route 117,MAP_ROUTE117,grama/caverna e água local,progressão evolutiva pela média regional,Tynamo
604,Eelektross,604,comum,Route 117,MAP_ROUTE117,grama/caverna e água local,progressão evolutiva pela média regional,Tynamo
605,Elgyem,605,comum,Four Island,MAP_FOUR_ISLAND; MAP_JOURNEYWORLDSEA04,grama/caverna e água local,progressão evolutiva pela média regional,Elgyem
606,Beheeyem,606,comum,Four Island,MAP_FOUR_ISLAND; MAP_JOURNEYWORLDSEA04,grama/caverna e água local,progressão evolutiva pela média regional,Elgyem
607,Litwick,607,comum,Memorial Pillar,MAP_FIVE_ISLAND_MEMORIAL_PILLAR,grama/caverna e água local,progressão evolutiva pela média regional,Litwick
608,Lampent,608,comum,Memorial Pillar,MAP_FIVE_ISLAND_MEMORIAL_PILLAR,grama/caverna e água local,progressão evolutiva pela média regional,Litwick
609,Chandelure,609,comum,Memorial Pillar,MAP_FIVE_ISLAND_MEMORIAL_PILLAR,grama/caverna e água local,progressão evolutiva pela média regional,Litwick
610,Axew,610,comum,Granite Cave,MAP_GRANITE_CAVE_1F; MAP_GRANITE_CAVE_B1F; MAP_GRANITE_CAVE_B2F; MAP_GRANITE_CAVE_STEVENS_ROOM,grama/caverna,progressão evolutiva pela média regional,Axew
611,Fraxure,611,comum,Granite Cave,MAP_GRANITE_CAVE_1F; MAP_GRANITE_CAVE_B1F; MAP_GRANITE_CAVE_B2F; MAP_GRANITE_CAVE_STEVENS_ROOM,grama/caverna,progressão evolutiva pela média regional,Axew
612,Haxorus,612,comum,Granite Cave,MAP_GRANITE_CAVE_1F; MAP_GRANITE_CAVE_B1F; MAP_GRANITE_CAVE_B2F; MAP_GRANITE_CAVE_STEVENS_ROOM,grama/caverna,progressão evolutiva pela média regional,Axew
613,Cubchoo,613,comum,Route 10,MAP_ROUTE10,grama/caverna e água local,progressão evolutiva pela média regional,Cubchoo
614,Beartic,614,comum,Route 10,MAP_ROUTE10,grama/caverna e água local,progressão evolutiva pela média regional,Cubchoo
615,Cryogonal,615,comum,Icefall Cave,MAP_FOUR_ISLAND_ICEFALL_CAVE_1F; MAP_FOUR_ISLAND_ICEFALL_CAVE_B1F; MAP_FOUR_ISLAND_ICEFALL_CAVE_BACK; MAP_FOUR_ISLAND_ICEFALL_CAVE_ENTRANCE,grama/caverna e água local,progressão evolutiva pela média regional,Cryogonal
616,Shelmet,616,comum,Route 10,MAP_ROUTE10,grama/caverna e água local,progressão evolutiva pela média regional,Shelmet
617,Accelgor,617,comum,Route 10,MAP_ROUTE10,grama/caverna e água local,progressão evolutiva pela média regional,Shelmet
618,Stunfisk,618,comum,Mt Moon,MAP_MT_MOON_1F; MAP_MT_MOON_B1F; MAP_MT_MOON_B2F,grama/caverna,progressão evolutiva pela média regional,Stunfisk
618,Stunfisk Galar,992,forma regional,Mt Moon,MAP_MT_MOON_1F; MAP_MT_MOON_B1F; MAP_MT_MOON_B2F,grama/caverna,progressão evolutiva pela média regional,Stunfisk
619,Mienfoo,619,comum,Route 130,MAP_ROUTE130,grama/caverna e água local,progressão evolutiva pela média regional,Mienfoo
620,Mienshao,620,comum,Route 130,MAP_ROUTE130,grama/caverna e água local,progressão evolutiva pela média regional,Mienfoo
621,Druddigon,621,comum,Icefall Cave,MAP_FOUR_ISLAND_ICEFALL_CAVE_1F; MAP_FOUR_ISLAND_ICEFALL_CAVE_B1F; MAP_FOUR_ISLAND_ICEFALL_CAVE_BACK; MAP_FOUR_ISLAND_ICEFALL_CAVE_ENTRANCE,grama/caverna e água local,progressão evolutiva pela média regional,Druddigon
622,Golett,622,comum,Granite Cave,MAP_GRANITE_CAVE_1F; MAP_GRANITE_CAVE_B1F; MAP_GRANITE_CAVE_B2F; MAP_GRANITE_CAVE_STEVENS_ROOM,grama/caverna,progressão evolutiva pela média regional,Golett
623,Golurk,623,comum,Granite Cave,MAP_GRANITE_CAVE_1F; MAP_GRANITE_CAVE_B1F; MAP_GRANITE_CAVE_B2F; MAP_GRANITE_CAVE_STEVENS_ROOM,grama/caverna,progressão evolutiva pela média regional,Golett
624,Pawniard,624,comum,Digletts Cave,MAP_DIGLETTS_CAVE_B1F,grama/caverna,progressão evolutiva pela média regional,Pawniard
625,Bisharp,625,comum,Digletts Cave,MAP_DIGLETTS_CAVE_B1F,grama/caverna,progressão evolutiva pela média regional,Pawniard
626,Bouffalant,626,comum,Fiery Path,MAP_FIERY_PATH,grama/caverna,progressão evolutiva pela média regional,Bouffalant
627,Rufflet,627,comum,Route 7,MAP_ROUTE7,grama/caverna,progressão evolutiva pela média regional,Rufflet
628,Braviary,628,comum,Route 7,MAP_ROUTE7,grama/caverna,progressão evolutiva pela média regional,Rufflet
628,Braviary Hisui,1004,forma regional,Route 7,MAP_ROUTE7,grama/caverna,progressão evolutiva pela média regional,Rufflet
629,Vullaby,629,comum,Four Island,MAP_FOUR_ISLAND; MAP_JOURNEYWORLDSEA04,grama/caverna e água local,progressão evolutiva pela média regional,Vullaby
630,Mandibuzz,630,comum,Four Island,MAP_FOUR_ISLAND; MAP_JOURNEYWORLDSEA04,grama/caverna e água local,progressão evolutiva pela média regional,Vullaby
631,Heatmor,631,comum,Five Island,MAP_FIVE_ISLAND; MAP_JOURNEYWORLDSEA05,grama/caverna e água local,progressão evolutiva pela média regional,Heatmor
632,Durant,632,comum,Desert Underpass,MAP_DESERT_UNDERPASS,grama/caverna,progressão evolutiva pela média regional,Durant
633,Deino,633,comum,Icefall Cave,MAP_FOUR_ISLAND_ICEFALL_CAVE_1F; MAP_FOUR_ISLAND_ICEFALL_CAVE_B1F; MAP_FOUR_ISLAND_ICEFALL_CAVE_BACK; MAP_FOUR_ISLAND_ICEFALL_CAVE_ENTRANCE,grama/caverna e água local,progressão evolutiva pela média regional,Deino
634,Zweilous,634,comum,Icefall Cave,MAP_FOUR_ISLAND_ICEFALL_CAVE_1F; MAP_FOUR_ISLAND_ICEFALL_CAVE_B1F; MAP_FOUR_ISLAND_ICEFALL_CAVE_BACK; MAP_FOUR_ISLAND_ICEFALL_CAVE_ENTRANCE,grama/caverna e água local,progressão evolutiva pela média regional,Deino
635,Hydreigon,635,comum,Icefall Cave,MAP_FOUR_ISLAND_ICEFALL_CAVE_1F; MAP_FOUR_ISLAND_ICEFALL_CAVE_B1F; MAP_FOUR_ISLAND_ICEFALL_CAVE_BACK; MAP_FOUR_ISLAND_ICEFALL_CAVE_ENTRANCE,grama/caverna e água local,progressão evolutiva pela média regional,Deino
636,Larvesta,636,comum,Fiery Path,MAP_FIERY_PATH,grama/caverna,progressão evolutiva pela média regional,Larvesta
637,Volcarona,637,comum,Fiery Path,MAP_FIERY_PATH,grama/caverna,progressão evolutiva pela média regional,Larvesta
638,Cobalion,638,encontro especial,Caverna Dragoes,JourneySanctuaryDragoes; JourneyWorldSea06,Surf,8 insígnias de Kanto + 8 de Hoenn; antes das Ligas,
639,Terrakion,639,encontro especial,Caverna Cristais,JourneySanctuaryCristais; JourneyWorldSea08,Surf,8 insígnias de Kanto + 8 de Hoenn; antes das Ligas,
640,Virizion,640,encontro especial,Caverna Floresta,JourneySanctuaryFloresta; JourneyWorldSea04,Surf,8 insígnias de Kanto + 8 de Hoenn; antes das Ligas,
641,Tornadus Incarnate,641,encontro especial,Caverna Tempestades,JourneySanctuaryTempestades; JourneyWorldSea00,Surf,8 insígnias de Kanto + 8 de Hoenn; antes das Ligas,
642,Thundurus Incarnate,642,encontro especial,Caverna Tempestades,JourneySanctuaryTempestades; JourneyWorldSea00,Surf,8 insígnias de Kanto + 8 de Hoenn; antes das Ligas,
643,Reshiram,643,encontro especial,Caverna Dragoes,JourneySanctuaryDragoes; JourneyWorldSea06,Surf,8 insígnias de Kanto + 8 de Hoenn; antes das Ligas,
644,Zekrom,644,encontro especial,Caverna Origens,JourneySanctuaryOrigens; JourneyHoennMiddleSea,Surf + Dive,8 insígnias de Kanto + 8 de Hoenn; antes das Ligas,
645,Landorus Incarnate,645,encontro especial,Caverna Vulcao,JourneySanctuaryVulcao; JourneyWorldSea02,Surf,8 insígnias de Kanto + 8 de Hoenn; antes das Ligas,
646,Kyurem,646,encontro especial,Caverna Cristais,JourneySanctuaryCristais; JourneyWorldSea08,Surf,8 insígnias de Kanto + 8 de Hoenn; antes das Ligas,
647,Keldeo Ordinary,647,encontro especial,Caverna Profundezas,JourneySanctuaryProfundezas; JourneyHoennSouthSea,Surf + Dive,8 insígnias de Kanto + 8 de Hoenn; antes das Ligas,
648,Meloetta Aria,648,encontro especial,Caverna Aurora,JourneySanctuaryAurora; JourneyWorldSea01,Surf,8 insígnias de Kanto + 8 de Hoenn; antes das Ligas,
649,Genesect,649,encontro especial,Caverna Abismo,JourneySanctuaryAbismo; JourneyDewfordCoast,Surf + Dive,8 insígnias de Kanto + 8 de Hoenn; antes das Ligas,
650,Chespin,650,comum,Fiery Path,MAP_FIERY_PATH,grama/caverna,progressão evolutiva pela média regional,Chespin
651,Quilladin,651,comum,Fiery Path,MAP_FIERY_PATH,grama/caverna,progressão evolutiva pela média regional,Chespin
652,Chesnaught,652,comum,Fiery Path,MAP_FIERY_PATH,grama/caverna,progressão evolutiva pela média regional,Chespin
653,Fennekin,653,comum,Mt Ember,MAP_MT_EMBER_EXTERIOR; MAP_MT_EMBER_RUBY_PATH_1F; MAP_MT_EMBER_RUBY_PATH_B1F; MAP_MT_EMBER_RUBY_PATH_B1F_STAIRS; MAP_MT_EMBER_RUBY_PATH_B2F; MAP_MT_EMBER_RUBY_PATH_B2F_STAIRS; MAP_MT_EMBER_RUBY_PATH_B3F; MAP_MT_EMBER_SUMMIT_PATH_1F; MAP_MT_EMBER_SUMMIT_PATH_2F; MAP_MT_EMBER_SUMMIT_PATH_3F,grama/caverna,progressão evolutiva pela média regional,Fennekin
654,Braixen,654,comum,Mt Ember,MAP_MT_EMBER_EXTERIOR; MAP_MT_EMBER_RUBY_PATH_1F; MAP_MT_EMBER_RUBY_PATH_B1F; MAP_MT_EMBER_RUBY_PATH_B1F_STAIRS; MAP_MT_EMBER_RUBY_PATH_B2F; MAP_MT_EMBER_RUBY_PATH_B2F_STAIRS; MAP_MT_EMBER_RUBY_PATH_B3F; MAP_MT_EMBER_SUMMIT_PATH_1F; MAP_MT_EMBER_SUMMIT_PATH_2F; MAP_MT_EMBER_SUMMIT_PATH_3F,grama/caverna,progressão evolutiva pela média regional,Fennekin
655,Delphox,655,comum,Mt Ember,MAP_MT_EMBER_EXTERIOR; MAP_MT_EMBER_RUBY_PATH_1F; MAP_MT_EMBER_RUBY_PATH_B1F; MAP_MT_EMBER_RUBY_PATH_B1F_STAIRS; MAP_MT_EMBER_RUBY_PATH_B2F; MAP_MT_EMBER_RUBY_PATH_B2F_STAIRS; MAP_MT_EMBER_RUBY_PATH_B3F; MAP_MT_EMBER_SUMMIT_PATH_1F; MAP_MT_EMBER_SUMMIT_PATH_2F; MAP_MT_EMBER_SUMMIT_PATH_3F,grama/caverna,progressão evolutiva pela média regional,Fennekin
656,Froakie,656,comum,Resort Gorgeous,MAP_FIVE_ISLAND_RESORT_GORGEOUS,Surf/pesca,progressão evolutiva pela média regional,Froakie
657,Frogadier,657,comum,Resort Gorgeous,MAP_FIVE_ISLAND_RESORT_GORGEOUS,Surf/pesca,progressão evolutiva pela média regional,Froakie
658,Greninja,658,comum,Resort Gorgeous,MAP_FIVE_ISLAND_RESORT_GORGEOUS,Surf/pesca,progressão evolutiva pela média regional,Froakie
659,Bunnelby,659,comum,Route 123,MAP_ROUTE123,grama/caverna e água local,progressão evolutiva pela média regional,Bunnelby
660,Diggersby,660,comum,Route 123,MAP_ROUTE123,grama/caverna e água local,progressão evolutiva pela média regional,Bunnelby
661,Fletchling,661,comum,Power Plant,MAP_POWER_PLANT,grama/caverna,progressão evolutiva pela média regional,Fletchling
662,Fletchinder,662,comum,Power Plant,MAP_POWER_PLANT,grama/caverna,progressão evolutiva pela média regional,Fletchling
663,Talonflame,663,comum,Power Plant,MAP_POWER_PLANT,grama/caverna,progressão evolutiva pela média regional,Fletchling
664,Scatterbug Icy Snow,664,comum,Route 130,MAP_ROUTE130,grama/caverna e água local,progressão evolutiva pela média regional,Scatterbug Icy Snow
665,Spewpa Icy Snow,665,comum,Route 130,MAP_ROUTE130,grama/caverna e água local,progressão evolutiva pela média regional,Scatterbug Icy Snow
666,Vivillon Icy Snow,666,comum,Route 130,MAP_ROUTE130,grama/caverna e água local,progressão evolutiva pela média regional,Scatterbug Icy Snow
667,Litleo,667,comum,Route 1,MAP_ROUTE1,grama/caverna,progressão evolutiva pela média regional,Litleo
668,Pyroar,668,comum,Route 1,MAP_ROUTE1,grama/caverna,progressão evolutiva pela média regional,Litleo
669,Flabebe Red,669,comum,Power Plant,MAP_POWER_PLANT,grama/caverna,progressão evolutiva pela média regional,Flabebe Red
670,Floette Red,670,comum,Power Plant,MAP_POWER_PLANT,grama/caverna,progressão evolutiva pela média regional,Flabebe Red
671,Florges Red,671,comum,Power Plant,MAP_POWER_PLANT,grama/caverna,progressão evolutiva pela média regional,Flabebe Red
672,Skiddo,672,comum,Four Island,MAP_FOUR_ISLAND; MAP_JOURNEYWORLDSEA04,grama/caverna e água local,progressão evolutiva pela média regional,Skiddo
673,Gogoat,673,comum,Four Island,MAP_FOUR_ISLAND; MAP_JOURNEYWORLDSEA04,grama/caverna e água local,progressão evolutiva pela média regional,Skiddo
674,Pancham,674,comum,Two Island,MAP_JOURNEYWORLDSEA02,grama/caverna e água local,progressão evolutiva pela média regional,Pancham
675,Pangoro,675,comum,Two Island,MAP_JOURNEYWORLDSEA02,grama/caverna e água local,progressão evolutiva pela média regional,Pancham
676,Furfrou Natural,676,comum,Bond Bridge,MAP_THREE_ISLAND_BOND_BRIDGE,grama/caverna e água local,progressão evolutiva pela média regional,Furfrou Natural
677,Espurr,677,comum,Route 14,MAP_ROUTE14,grama/caverna,progressão evolutiva pela média regional,Espurr
678,Meowstic M,678,comum,Route 14,MAP_ROUTE14,grama/caverna,progressão evolutiva pela média regional,Espurr
679,Honedge,679,comum,Meteor Falls,MAP_METEOR_FALLS_1F_1R; MAP_METEOR_FALLS_1F_2R; MAP_METEOR_FALLS_B1F_1R; MAP_METEOR_FALLS_B1F_2R; MAP_METEOR_FALLS_STEVENS_CAVE,grama/caverna e água local,progressão evolutiva pela média regional,Honedge
680,Doublade,680,comum,Meteor Falls,MAP_METEOR_FALLS_1F_1R; MAP_METEOR_FALLS_1F_2R; MAP_METEOR_FALLS_B1F_1R; MAP_METEOR_FALLS_B1F_2R; MAP_METEOR_FALLS_STEVENS_CAVE,grama/caverna e água local,progressão evolutiva pela média regional,Honedge
681,Aegislash Shield,681,comum,Meteor Falls,MAP_METEOR_FALLS_1F_1R; MAP_METEOR_FALLS_1F_2R; MAP_METEOR_FALLS_B1F_1R; MAP_METEOR_FALLS_B1F_2R; MAP_METEOR_FALLS_STEVENS_CAVE,grama/caverna e água local,progressão evolutiva pela média regional,Honedge
682,Spritzee,682,comum,Seven Island,MAP_JOURNEYWORLDSEA07,grama/caverna e água local,progressão evolutiva pela média regional,Spritzee
683,Aromatisse,683,comum,Seven Island,MAP_JOURNEYWORLDSEA07,grama/caverna e água local,progressão evolutiva pela média regional,Spritzee
684,Swirlix,684,comum,Route 114,MAP_JOURNEYDEWFORDCOAST; MAP_JOURNEYRUSTBOROCOAST; MAP_ROUTE114,grama/caverna e água local,progressão evolutiva pela média regional,Swirlix
685,Slurpuff,685,comum,Route 114,MAP_JOURNEYDEWFORDCOAST; MAP_JOURNEYRUSTBOROCOAST; MAP_ROUTE114,grama/caverna e água local,progressão evolutiva pela média regional,Swirlix
686,Inkay,686,comum,Granite Cave,MAP_GRANITE_CAVE_1F; MAP_GRANITE_CAVE_B1F; MAP_GRANITE_CAVE_B2F; MAP_GRANITE_CAVE_STEVENS_ROOM,grama/caverna,progressão evolutiva pela média regional,Inkay
687,Malamar,687,comum,Granite Cave,MAP_GRANITE_CAVE_1F; MAP_GRANITE_CAVE_B1F; MAP_GRANITE_CAVE_B2F; MAP_GRANITE_CAVE_STEVENS_ROOM,grama/caverna,progressão evolutiva pela média regional,Inkay
688,Binacle,688,comum,Trainer Tower,MAP_SEVEN_ISLAND_TRAINER_TOWER,Surf/pesca,progressão evolutiva pela média regional,Binacle
689,Barbaracle,689,comum,Trainer Tower,MAP_SEVEN_ISLAND_TRAINER_TOWER,Surf/pesca,progressão evolutiva pela média regional,Binacle
690,Skrelp,690,comum,Route 104,MAP_ROUTE104,grama/caverna e água local,progressão evolutiva pela média regional,Skrelp
691,Dragalge,691,comum,Route 104,MAP_ROUTE104,grama/caverna e água local,progressão evolutiva pela média regional,Skrelp
692,Clauncher,692,comum,Vermilion City,MAP_JOURNEYWORLDSEA00; MAP_SSANNE_EXTERIOR; MAP_VERMILION_CITY,grama/caverna e água local,progressão evolutiva pela média regional,Clauncher
693,Clawitzer,693,comum,Vermilion City,MAP_JOURNEYWORLDSEA00; MAP_SSANNE_EXTERIOR; MAP_VERMILION_CITY,grama/caverna e água local,progressão evolutiva pela média regional,Clauncher
694,Helioptile,694,comum,Route 3,MAP_ROUTE3,grama/caverna,progressão evolutiva pela média regional,Helioptile
695,Heliolisk,695,comum,Route 3,MAP_ROUTE3,grama/caverna,progressão evolutiva pela média regional,Helioptile
696,Tyrunt,696,comum,Icefall Cave,MAP_FOUR_ISLAND_ICEFALL_CAVE_1F; MAP_FOUR_ISLAND_ICEFALL_CAVE_B1F; MAP_FOUR_ISLAND_ICEFALL_CAVE_BACK; MAP_FOUR_ISLAND_ICEFALL_CAVE_ENTRANCE,grama/caverna e água local,progressão evolutiva pela média regional,Tyrunt
697,Tyrantrum,697,comum,Icefall Cave,MAP_FOUR_ISLAND_ICEFALL_CAVE_1F; MAP_FOUR_ISLAND_ICEFALL_CAVE_B1F; MAP_FOUR_ISLAND_ICEFALL_CAVE_BACK; MAP_FOUR_ISLAND_ICEFALL_CAVE_ENTRANCE,grama/caverna e água local,progressão evolutiva pela média regional,Tyrunt
698,Amaura,698,comum,Fiery Path,MAP_FIERY_PATH,grama/caverna,progressão evolutiva pela média regional,Amaura
699,Aurorus,699,comum,Fiery Path,MAP_FIERY_PATH,grama/caverna,progressão evolutiva pela média regional,Amaura
700,Sylveon,700,comum,Safari Zone,MAP_SAFARI_ZONE_NORTH; MAP_SAFARI_ZONE_NORTHEAST; MAP_SAFARI_ZONE_NORTHWEST; MAP_SAFARI_ZONE_SOUTH; MAP_SAFARI_ZONE_SOUTHEAST; MAP_SAFARI_ZONE_SOUTHWEST,grama/caverna e água local,progressão evolutiva pela média regional,Eevee
701,Hawlucha,701,comum,Route 111,MAP_ROUTE111,grama/caverna e água local,progressão evolutiva pela média regional,Hawlucha
702,Dedenne,702,comum,Route 101,MAP_ROUTE101,grama/caverna,progressão evolutiva pela média regional,Dedenne
703,Carbink,703,comum,Tanoby Ruins,MAP_SEVEN_ISLAND_TANOBY_RUINS; MAP_SEVEN_ISLAND_TANOBY_RUINS_DILFORD_CHAMBER; MAP_SEVEN_ISLAND_TANOBY_RUINS_LIPTOO_CHAMBER; MAP_SEVEN_ISLAND_TANOBY_RUINS_MONEAN_CHAMBER; MAP_SEVEN_ISLAND_TANOBY_RUINS_RIXY_CHAMBER; MAP_SEVEN_ISLAND_TANOBY_RUINS_SCUFIB_CHAMBER; MAP_SEVEN_ISLAND_TANOBY_RUINS_VIAPOIS_CHAMBER; MAP_SEVEN_ISLAND_TANOBY_RUINS_WEEPTH_CHAMBER,grama/caverna e água local,progressão evolutiva pela média regional,Carbink
704,Goomy,704,comum,Route 112,MAP_ROUTE112,grama/caverna,progressão evolutiva pela média regional,Goomy
705,Sliggoo,705,comum,Route 112,MAP_ROUTE112,grama/caverna,progressão evolutiva pela média regional,Goomy
705,Sliggoo Hisui,1005,forma regional,Route 112,MAP_ROUTE112,grama/caverna,progressão evolutiva pela média regional,Goomy
706,Goodra,706,comum,Route 112,MAP_ROUTE112,grama/caverna,progressão evolutiva pela média regional,Goomy
706,Goodra Hisui,1006,forma regional,Route 112,MAP_ROUTE112,grama/caverna,progressão evolutiva pela média regional,Goomy
707,Klefki,707,comum,Route 18,MAP_ROUTE18,grama/caverna,progressão evolutiva pela média regional,Klefki
708,Phantump,708,comum,Bond Bridge,MAP_THREE_ISLAND_BOND_BRIDGE,grama/caverna e água local,progressão evolutiva pela média regional,Phantump
709,Trevenant,709,comum,Bond Bridge,MAP_THREE_ISLAND_BOND_BRIDGE,grama/caverna e água local,progressão evolutiva pela média regional,Phantump
710,Pumpkaboo Average,710,comum,Route 15,MAP_ROUTE15,grama/caverna,progressão evolutiva pela média regional,Pumpkaboo Average
711,Gourgeist Average,711,comum,Route 15,MAP_ROUTE15,grama/caverna,progressão evolutiva pela média regional,Pumpkaboo Average
712,Bergmite,712,comum,Victory Road,MAP_VICTORY_ROAD_1F; MAP_VICTORY_ROAD_B1F; MAP_VICTORY_ROAD_B2F,grama/caverna e água local,progressão evolutiva pela média regional,Bergmite
713,Avalugg,713,comum,Victory Road,MAP_VICTORY_ROAD_1F; MAP_VICTORY_ROAD_B1F; MAP_VICTORY_ROAD_B2F,grama/caverna e água local,progressão evolutiva pela média regional,Bergmite
713,Avalugg Hisui,1007,forma regional,Victory Road,MAP_VICTORY_ROAD_1F; MAP_VICTORY_ROAD_B1F; MAP_VICTORY_ROAD_B2F,grama/caverna e água local,progressão evolutiva pela média regional,Bergmite
714,Noibat,714,comum,Route 111,MAP_ROUTE111,grama/caverna e água local,progressão evolutiva pela média regional,Noibat
715,Noivern,715,comum,Route 111,MAP_ROUTE111,grama/caverna e água local,progressão evolutiva pela média regional,Noibat
716,Xerneas Neutral,716,encontro especial,Caverna Estrelas,JourneySanctuaryEstrelas; JourneyWorldSea07,Surf,8 insígnias de Kanto + 8 de Hoenn; antes das Ligas,
717,Yveltal,717,encontro especial,Caverna Eclipse,JourneySanctuaryEclipse; JourneyWorldSea05,Surf,8 insígnias de Kanto + 8 de Hoenn; antes das Ligas,
718,Zygarde 50,718,encontro especial,Caverna Dragoes,JourneySanctuaryDragoes; JourneyWorldSea06,Surf,8 insígnias de Kanto + 8 de Hoenn; antes das Ligas,
719,Diancie,719,encontro especial,Caverna Titans,JourneySanctuaryTitans; JourneyWorldSea03,Surf,8 insígnias de Kanto + 8 de Hoenn; antes das Ligas,
720,Hoopa Confined,720,encontro especial,Caverna Dimensoes,JourneySanctuaryDimensoes; JourneyRustboroCoast,Surf + Dive,8 insígnias de Kanto + 8 de Hoenn; antes das Ligas,
721,Volcanion,721,encontro especial,Caverna Mares,JourneySanctuaryMares; JourneyHoennNorthSea,Surf + Dive,8 insígnias de Kanto + 8 de Hoenn; antes das Ligas,
722,Rowlet,722,comum,Route 115,MAP_ROUTE115,grama/caverna e água local,progressão evolutiva pela média regional,Rowlet
723,Dartrix,723,comum,Route 115,MAP_ROUTE115,grama/caverna e água local,progressão evolutiva pela média regional,Rowlet
724,Decidueye,724,comum,Route 115,MAP_ROUTE115,grama/caverna e água local,progressão evolutiva pela média regional,Rowlet
724,Decidueye Hisui,1008,forma regional,Route 115,MAP_ROUTE115,grama/caverna e água local,progressão evolutiva pela média regional,Rowlet
725,Litten,725,comum,Magma Hideout,MAP_MAGMA_HIDEOUT_1F; MAP_MAGMA_HIDEOUT_2F_1R; MAP_MAGMA_HIDEOUT_2F_2R; MAP_MAGMA_HIDEOUT_2F_3R; MAP_MAGMA_HIDEOUT_3F_1R; MAP_MAGMA_HIDEOUT_3F_2R; MAP_MAGMA_HIDEOUT_3F_3R; MAP_MAGMA_HIDEOUT_4F,grama/caverna,progressão evolutiva pela média regional,Litten
726,Torracat,726,comum,Magma Hideout,MAP_MAGMA_HIDEOUT_1F; MAP_MAGMA_HIDEOUT_2F_1R; MAP_MAGMA_HIDEOUT_2F_2R; MAP_MAGMA_HIDEOUT_2F_3R; MAP_MAGMA_HIDEOUT_3F_1R; MAP_MAGMA_HIDEOUT_3F_2R; MAP_MAGMA_HIDEOUT_3F_3R; MAP_MAGMA_HIDEOUT_4F,grama/caverna,progressão evolutiva pela média regional,Litten
727,Incineroar,727,comum,Magma Hideout,MAP_MAGMA_HIDEOUT_1F; MAP_MAGMA_HIDEOUT_2F_1R; MAP_MAGMA_HIDEOUT_2F_2R; MAP_MAGMA_HIDEOUT_2F_3R; MAP_MAGMA_HIDEOUT_3F_1R; MAP_MAGMA_HIDEOUT_3F_2R; MAP_MAGMA_HIDEOUT_3F_3R; MAP_MAGMA_HIDEOUT_4F,grama/caverna,progressão evolutiva pela média regional,Litten
728,Popplio,728,comum,Ever Grande City,MAP_EVER_GRANDE_CITY,Surf/pesca,progressão evolutiva pela média regional,Popplio
729,Brionne,729,comum,Ever Grande City,MAP_EVER_GRANDE_CITY,Surf/pesca,progressão evolutiva pela média regional,Popplio
730,Primarina,730,comum,Ever Grande City,MAP_EVER_GRANDE_CITY,Surf/pesca,progressão evolutiva pela média regional,Popplio
731,Pikipek,731,comum,Route 25,MAP_ROUTE25,grama/caverna e água local,progressão evolutiva pela média regional,Pikipek
732,Trumbeak,732,comum,Route 25,MAP_ROUTE25,grama/caverna e água local,progressão evolutiva pela média regional,Pikipek
733,Toucannon,733,comum,Route 25,MAP_ROUTE25,grama/caverna e água local,progressão evolutiva pela média regional,Pikipek
734,Yungoos,734,comum,Route 113,MAP_ROUTE113,grama/caverna,progressão evolutiva pela média regional,Yungoos
735,Gumshoos,735,comum,Route 113,MAP_ROUTE113,grama/caverna,progressão evolutiva pela média regional,Yungoos
736,Grubbin,736,comum,Route 114,MAP_JOURNEYDEWFORDCOAST; MAP_JOURNEYRUSTBOROCOAST; MAP_ROUTE114,grama/caverna e água local,progressão evolutiva pela média regional,Grubbin
737,Charjabug,737,comum,Route 114,MAP_JOURNEYDEWFORDCOAST; MAP_JOURNEYRUSTBOROCOAST; MAP_ROUTE114,grama/caverna e água local,progressão evolutiva pela média regional,Grubbin
738,Vikavolt,738,comum,Route 114,MAP_JOURNEYDEWFORDCOAST; MAP_JOURNEYRUSTBOROCOAST; MAP_ROUTE114,grama/caverna e água local,progressão evolutiva pela média regional,Grubbin
739,Crabrawler,739,comum,Bond Bridge,MAP_THREE_ISLAND_BOND_BRIDGE,grama/caverna e água local,progressão evolutiva pela média regional,Crabrawler
740,Crabominable,740,comum,Bond Bridge,MAP_THREE_ISLAND_BOND_BRIDGE,grama/caverna e água local,progressão evolutiva pela média regional,Crabrawler
741,Oricorio Baile,741,comum,Magma Hideout,MAP_MAGMA_HIDEOUT_1F; MAP_MAGMA_HIDEOUT_2F_1R; MAP_MAGMA_HIDEOUT_2F_2R; MAP_MAGMA_HIDEOUT_2F_3R; MAP_MAGMA_HIDEOUT_3F_1R; MAP_MAGMA_HIDEOUT_3F_2R; MAP_MAGMA_HIDEOUT_3F_3R; MAP_MAGMA_HIDEOUT_4F,grama/caverna,progressão evolutiva pela média regional,Oricorio Baile
742,Cutiefly,742,comum,Route 116,MAP_ROUTE116,grama/caverna,progressão evolutiva pela média regional,Cutiefly
743,Ribombee,743,comum,Route 116,MAP_ROUTE116,grama/caverna,progressão evolutiva pela média regional,Cutiefly
744,Rockruff,744,comum,Route 102,MAP_ROUTE102,grama/caverna e água local,progressão evolutiva pela média regional,Rockruff
745,Lycanroc Midday,745,comum,Route 102,MAP_ROUTE102,grama/caverna e água local,progressão evolutiva pela média regional,Rockruff
746,Wishiwashi Solo,746,comum,Route 122,MAP_ROUTE122,Surf/pesca,progressão evolutiva pela média regional,Wishiwashi Solo
747,Mareanie,747,comum,Route 120,MAP_ROUTE120,grama/caverna e água local,progressão evolutiva pela média regional,Mareanie
748,Toxapex,748,comum,Route 120,MAP_ROUTE120,grama/caverna e água local,progressão evolutiva pela média regional,Mareanie
749,Mudbray,749,comum,Route 12,MAP_ROUTE12,grama/caverna e água local,progressão evolutiva pela média regional,Mudbray
750,Mudsdale,750,comum,Route 12,MAP_ROUTE12,grama/caverna e água local,progressão evolutiva pela média regional,Mudbray
751,Dewpider,751,comum,Route 19,MAP_ROUTE19,Surf/pesca,progressão evolutiva pela média regional,Dewpider
752,Araquanid,752,comum,Route 19,MAP_ROUTE19,Surf/pesca,progressão evolutiva pela média regional,Dewpider
753,Fomantis,753,comum,Route 102,MAP_ROUTE102,grama/caverna e água local,progressão evolutiva pela média regional,Fomantis
754,Lurantis,754,comum,Route 102,MAP_ROUTE102,grama/caverna e água local,progressão evolutiva pela média regional,Fomantis
755,Morelull,755,comum,Five Island,MAP_FIVE_ISLAND; MAP_JOURNEYWORLDSEA05,grama/caverna e água local,progressão evolutiva pela média regional,Morelull
756,Shiinotic,756,comum,Five Island,MAP_FIVE_ISLAND; MAP_JOURNEYWORLDSEA05,grama/caverna e água local,progressão evolutiva pela média regional,Morelull
757,Salandit,757,comum,Petalburg Woods,MAP_PETALBURG_WOODS,grama/caverna,progressão evolutiva pela média regional,Salandit
758,Salazzle,758,comum,Petalburg Woods,MAP_PETALBURG_WOODS,grama/caverna,progressão evolutiva pela média regional,Salandit
759,Stufful,759,comum,Route 21,MAP_ROUTE21_NORTH; MAP_ROUTE21_SOUTH,grama/caverna e água local,progressão evolutiva pela média regional,Stufful
760,Bewear,760,comum,Route 21,MAP_ROUTE21_NORTH; MAP_ROUTE21_SOUTH,grama/caverna e água local,progressão evolutiva pela média regional,Stufful
761,Bounsweet,761,comum,Route 24,MAP_ROUTE24,grama/caverna e água local,progressão evolutiva pela média regional,Bounsweet
762,Steenee,762,comum,Route 24,MAP_ROUTE24,grama/caverna e água local,progressão evolutiva pela média regional,Bounsweet
763,Tsareena,763,comum,Route 24,MAP_ROUTE24,grama/caverna e água local,progressão evolutiva pela média regional,Bounsweet
764,Comfey,764,comum,Route 7,MAP_ROUTE7,grama/caverna,progressão evolutiva pela média regional,Comfey
765,Oranguru,765,comum,Seafoam Islands,MAP_SEAFOAM_ISLANDS_1F; MAP_SEAFOAM_ISLANDS_B1F; MAP_SEAFOAM_ISLANDS_B2F; MAP_SEAFOAM_ISLANDS_B3F; MAP_SEAFOAM_ISLANDS_B4F,grama/caverna e água local,progressão evolutiva pela média regional,Oranguru
766,Passimian,766,comum,Mt Ember,MAP_MT_EMBER_EXTERIOR; MAP_MT_EMBER_RUBY_PATH_1F; MAP_MT_EMBER_RUBY_PATH_B1F; MAP_MT_EMBER_RUBY_PATH_B1F_STAIRS; MAP_MT_EMBER_RUBY_PATH_B2F; MAP_MT_EMBER_RUBY_PATH_B2F_STAIRS; MAP_MT_EMBER_RUBY_PATH_B3F; MAP_MT_EMBER_SUMMIT_PATH_1F; MAP_MT_EMBER_SUMMIT_PATH_2F; MAP_MT_EMBER_SUMMIT_PATH_3F,grama/caverna,progressão evolutiva pela média regional,Passimian
767,Wimpod,767,comum,Celadon City,MAP_CELADON_CITY,Surf/pesca,progressão evolutiva pela média regional,Wimpod
768,Golisopod,768,comum,Celadon City,MAP_CELADON_CITY,Surf/pesca,progressão evolutiva pela média regional,Wimpod
769,Sandygast,769,comum,Vermilion City,MAP_JOURNEYWORLDSEA00; MAP_SSANNE_EXTERIOR; MAP_VERMILION_CITY,grama/caverna e água local,progressão evolutiva pela média regional,Sandygast
770,Palossand,770,comum,Vermilion City,MAP_JOURNEYWORLDSEA00; MAP_SSANNE_EXTERIOR; MAP_VERMILION_CITY,grama/caverna e água local,progressão evolutiva pela média regional,Sandygast
771,Pyukumuku,771,comum,Route 125,MAP_ROUTE125,Surf/pesca,progressão evolutiva pela média regional,Pyukumuku
772,Type Null,772,encontro especial,Caverna Abismo,JourneySanctuaryAbismo; JourneyDewfordCoast,Surf + Dive,8 insígnias de Kanto + 8 de Hoenn; antes das Ligas,
773,Silvally Normal,773,encontro especial,Caverna Floresta,JourneySanctuaryFloresta; JourneyWorldSea04,Surf,8 insígnias de Kanto + 8 de Hoenn; antes das Ligas,
774,Minior Meteor Red,774,comum,Magma Hideout,MAP_MAGMA_HIDEOUT_1F; MAP_MAGMA_HIDEOUT_2F_1R; MAP_MAGMA_HIDEOUT_2F_2R; MAP_MAGMA_HIDEOUT_2F_3R; MAP_MAGMA_HIDEOUT_3F_1R; MAP_MAGMA_HIDEOUT_3F_2R; MAP_MAGMA_HIDEOUT_3F_3R; MAP_MAGMA_HIDEOUT_4F,grama/caverna,progressão evolutiva pela média regional,Minior Meteor Red
775,Komala,775,comum,Magma Hideout,MAP_MAGMA_HIDEOUT_1F; MAP_MAGMA_HIDEOUT_2F_1R; MAP_MAGMA_HIDEOUT_2F_2R; MAP_MAGMA_HIDEOUT_2F_3R; MAP_MAGMA_HIDEOUT_3F_1R; MAP_MAGMA_HIDEOUT_3F_2R; MAP_MAGMA_HIDEOUT_3F_3R; MAP_MAGMA_HIDEOUT_4F,grama/caverna,progressão evolutiva pela média regional,Komala
776,Turtonator,776,comum,Rusturf Tunnel,MAP_RUSTURF_TUNNEL,grama/caverna,progressão evolutiva pela média regional,Turtonator
777,Togedemaru,777,comum,Cape Brink,MAP_TWO_ISLAND_CAPE_BRINK,grama/caverna e água local,progressão evolutiva pela média regional,Togedemaru
778,Mimikyu Disguised,778,comum,Seafoam Islands,MAP_SEAFOAM_ISLANDS_1F; MAP_SEAFOAM_ISLANDS_B1F; MAP_SEAFOAM_ISLANDS_B2F; MAP_SEAFOAM_ISLANDS_B3F; MAP_SEAFOAM_ISLANDS_B4F,grama/caverna e água local,progressão evolutiva pela média regional,Mimikyu Disguised
779,Bruxish,779,comum,Route 126,MAP_ROUTE126; MAP_UNDERWATER_ROUTE126,Surf/pesca,progressão evolutiva pela média regional,Bruxish
780,Drampa,780,comum,Meteor Falls,MAP_METEOR_FALLS_1F_1R; MAP_METEOR_FALLS_1F_2R; MAP_METEOR_FALLS_B1F_1R; MAP_METEOR_FALLS_B1F_2R; MAP_METEOR_FALLS_STEVENS_CAVE,grama/caverna e água local,progressão evolutiva pela média regional,Drampa
781,Dhelmise,781,comum,Seafoam Islands,MAP_SEAFOAM_ISLANDS_1F; MAP_SEAFOAM_ISLANDS_B1F; MAP_SEAFOAM_ISLANDS_B2F; MAP_SEAFOAM_ISLANDS_B3F; MAP_SEAFOAM_ISLANDS_B4F,grama/caverna e água local,progressão evolutiva pela média regional,Dhelmise
782,Jangmo O,782,comum,Seafoam Islands,MAP_SEAFOAM_ISLANDS_1F; MAP_SEAFOAM_ISLANDS_B1F; MAP_SEAFOAM_ISLANDS_B2F; MAP_SEAFOAM_ISLANDS_B3F; MAP_SEAFOAM_ISLANDS_B4F,grama/caverna e água local,progressão evolutiva pela média regional,Jangmo O
783,Hakamo O,783,comum,Seafoam Islands,MAP_SEAFOAM_ISLANDS_1F; MAP_SEAFOAM_ISLANDS_B1F; MAP_SEAFOAM_ISLANDS_B2F; MAP_SEAFOAM_ISLANDS_B3F; MAP_SEAFOAM_ISLANDS_B4F,grama/caverna e água local,progressão evolutiva pela média regional,Jangmo O
784,Kommo O,784,comum,Seafoam Islands,MAP_SEAFOAM_ISLANDS_1F; MAP_SEAFOAM_ISLANDS_B1F; MAP_SEAFOAM_ISLANDS_B2F; MAP_SEAFOAM_ISLANDS_B3F; MAP_SEAFOAM_ISLANDS_B4F,grama/caverna e água local,progressão evolutiva pela média regional,Jangmo O
785,Tapu Koko,785,encontro especial,Caverna Aurora,JourneySanctuaryAurora; JourneyWorldSea01,Surf,8 insígnias de Kanto + 8 de Hoenn; antes das Ligas,
786,Tapu Lele,786,encontro especial,Caverna Estrelas,JourneySanctuaryEstrelas; JourneyWorldSea07,Surf,8 insígnias de Kanto + 8 de Hoenn; antes das Ligas,
787,Tapu Bulu,787,encontro especial,Caverna Floresta,JourneySanctuaryFloresta; JourneyWorldSea04,Surf,8 insígnias de Kanto + 8 de Hoenn; antes das Ligas,
788,Tapu Fini,788,encontro especial,Caverna Profundezas,JourneySanctuaryProfundezas; JourneyHoennSouthSea,Surf + Dive,8 insígnias de Kanto + 8 de Hoenn; antes das Ligas,
789,Cosmog,789,encontro especial,Caverna Origens,JourneySanctuaryOrigens; JourneyHoennMiddleSea,Surf + Dive,8 insígnias de Kanto + 8 de Hoenn; antes das Ligas,
790,Cosmoem,790,encontro especial,Caverna Dimensoes,JourneySanctuaryDimensoes; JourneyRustboroCoast,Surf + Dive,8 insígnias de Kanto + 8 de Hoenn; antes das Ligas,
791,Solgaleo,791,encontro especial,Caverna Titans,JourneySanctuaryTitans; JourneyWorldSea03,Surf,8 insígnias de Kanto + 8 de Hoenn; antes das Ligas,
792,Lunala,792,encontro especial,Caverna Dimensoes,JourneySanctuaryDimensoes; JourneyRustboroCoast,Surf + Dive,8 insígnias de Kanto + 8 de Hoenn; antes das Ligas,
793,Nihilego,793,encontro especial,Caverna Cristais,JourneySanctuaryCristais; JourneyWorldSea08,Surf,8 insígnias de Kanto + 8 de Hoenn; antes das Ligas,
794,Buzzwole,794,encontro especial,Caverna Abismo,JourneySanctuaryAbismo; JourneyDewfordCoast,Surf + Dive,8 insígnias de Kanto + 8 de Hoenn; antes das Ligas,
795,Pheromosa,795,encontro especial,Caverna Abismo,JourneySanctuaryAbismo; JourneyDewfordCoast,Surf + Dive,8 insígnias de Kanto + 8 de Hoenn; antes das Ligas,
796,Xurkitree,796,encontro especial,Caverna Tempestades,JourneySanctuaryTempestades; JourneyWorldSea00,Surf,8 insígnias de Kanto + 8 de Hoenn; antes das Ligas,
797,Celesteela,797,encontro especial,Caverna Titans,JourneySanctuaryTitans; JourneyWorldSea03,Surf,8 insígnias de Kanto + 8 de Hoenn; antes das Ligas,
798,Kartana,798,encontro especial,Caverna Floresta,JourneySanctuaryFloresta; JourneyWorldSea04,Surf,8 insígnias de Kanto + 8 de Hoenn; antes das Ligas,
799,Guzzlord,799,encontro especial,Caverna Eclipse,JourneySanctuaryEclipse; JourneyWorldSea05,Surf,8 insígnias de Kanto + 8 de Hoenn; antes das Ligas,
800,Necrozma,800,encontro especial,Caverna Aurora,JourneySanctuaryAurora; JourneyWorldSea01,Surf,8 insígnias de Kanto + 8 de Hoenn; antes das Ligas,
801,Magearna,801,encontro especial,Caverna Estrelas,JourneySanctuaryEstrelas; JourneyWorldSea07,Surf,8 insígnias de Kanto + 8 de Hoenn; antes das Ligas,
802,Marshadow,802,encontro especial,Caverna Eclipse,JourneySanctuaryEclipse; JourneyWorldSea05,Surf,8 insígnias de Kanto + 8 de Hoenn; antes das Ligas,
803,Poipole,803,encontro especial,Caverna Abismo,JourneySanctuaryAbismo; JourneyDewfordCoast,Surf + Dive,8 insígnias de Kanto + 8 de Hoenn; antes das Ligas,
804,Naganadel,804,encontro especial,Caverna Dragoes,JourneySanctuaryDragoes; JourneyWorldSea06,Surf,8 insígnias de Kanto + 8 de Hoenn; antes das Ligas,
805,Stakataka,805,encontro especial,Caverna Titans,JourneySanctuaryTitans; JourneyWorldSea03,Surf,8 insígnias de Kanto + 8 de Hoenn; antes das Ligas,
806,Blacephalon,806,encontro especial,Caverna Vulcao,JourneySanctuaryVulcao; JourneyWorldSea02,Surf,8 insígnias de Kanto + 8 de Hoenn; antes das Ligas,
807,Zeraora,807,encontro especial,Caverna Tempestades,JourneySanctuaryTempestades; JourneyWorldSea00,Surf,8 insígnias de Kanto + 8 de Hoenn; antes das Ligas,
808,Meltan,808,encontro especial,Caverna Titans,JourneySanctuaryTitans; JourneyWorldSea03,Surf,8 insígnias de Kanto + 8 de Hoenn; antes das Ligas,
809,Melmetal,809,encontro especial,Caverna Titans,JourneySanctuaryTitans; JourneyWorldSea03,Surf,8 insígnias de Kanto + 8 de Hoenn; antes das Ligas,
810,Grookey,810,comum,Route 112,MAP_ROUTE112,grama/caverna,progressão evolutiva pela média regional,Grookey
811,Thwackey,811,comum,Route 112,MAP_ROUTE112,grama/caverna,progressão evolutiva pela média regional,Grookey
812,Rillaboom,812,comum,Route 112,MAP_ROUTE112,grama/caverna,progressão evolutiva pela média regional,Grookey
813,Scorbunny,813,comum,Mt Ember,MAP_MT_EMBER_EXTERIOR; MAP_MT_EMBER_RUBY_PATH_1F; MAP_MT_EMBER_RUBY_PATH_B1F; MAP_MT_EMBER_RUBY_PATH_B1F_STAIRS; MAP_MT_EMBER_RUBY_PATH_B2F; MAP_MT_EMBER_RUBY_PATH_B2F_STAIRS; MAP_MT_EMBER_RUBY_PATH_B3F; MAP_MT_EMBER_SUMMIT_PATH_1F; MAP_MT_EMBER_SUMMIT_PATH_2F; MAP_MT_EMBER_SUMMIT_PATH_3F,grama/caverna,progressão evolutiva pela média regional,Scorbunny
814,Raboot,814,comum,Mt Ember,MAP_MT_EMBER_EXTERIOR; MAP_MT_EMBER_RUBY_PATH_1F; MAP_MT_EMBER_RUBY_PATH_B1F; MAP_MT_EMBER_RUBY_PATH_B1F_STAIRS; MAP_MT_EMBER_RUBY_PATH_B2F; MAP_MT_EMBER_RUBY_PATH_B2F_STAIRS; MAP_MT_EMBER_RUBY_PATH_B3F; MAP_MT_EMBER_SUMMIT_PATH_1F; MAP_MT_EMBER_SUMMIT_PATH_2F; MAP_MT_EMBER_SUMMIT_PATH_3F,grama/caverna,progressão evolutiva pela média regional,Scorbunny
815,Cinderace,815,comum,Mt Ember,MAP_MT_EMBER_EXTERIOR; MAP_MT_EMBER_RUBY_PATH_1F; MAP_MT_EMBER_RUBY_PATH_B1F; MAP_MT_EMBER_RUBY_PATH_B1F_STAIRS; MAP_MT_EMBER_RUBY_PATH_B2F; MAP_MT_EMBER_RUBY_PATH_B2F_STAIRS; MAP_MT_EMBER_RUBY_PATH_B3F; MAP_MT_EMBER_SUMMIT_PATH_1F; MAP_MT_EMBER_SUMMIT_PATH_2F; MAP_MT_EMBER_SUMMIT_PATH_3F,grama/caverna,progressão evolutiva pela média regional,Scorbunny
816,Sobble,816,comum,Route 132,MAP_ROUTE132,Surf/pesca,progressão evolutiva pela média regional,Sobble
817,Drizzile,817,comum,Route 132,MAP_ROUTE132,Surf/pesca,progressão evolutiva pela média regional,Sobble
818,Inteleon,818,comum,Route 132,MAP_ROUTE132,Surf/pesca,progressão evolutiva pela média regional,Sobble
819,Skwovet,819,comum,Route 110,MAP_ROUTE110,grama/caverna e água local,progressão evolutiva pela média regional,Skwovet
820,Greedent,820,comum,Route 110,MAP_ROUTE110,grama/caverna e água local,progressão evolutiva pela média regional,Skwovet
821,Rookidee,821,comum,Route 118,MAP_ROUTE118,grama/caverna e água local,progressão evolutiva pela média regional,Rookidee
822,Corvisquire,822,comum,Route 118,MAP_ROUTE118,grama/caverna e água local,progressão evolutiva pela média regional,Rookidee
823,Corviknight,823,comum,Route 118,MAP_ROUTE118,grama/caverna e água local,progressão evolutiva pela média regional,Rookidee
824,Blipbug,824,comum,Route 8,MAP_ROUTE8,grama/caverna,progressão evolutiva pela média regional,Blipbug
825,Dottler,825,comum,Route 8,MAP_ROUTE8,grama/caverna,progressão evolutiva pela média regional,Blipbug
826,Orbeetle,826,comum,Route 8,MAP_ROUTE8,grama/caverna,progressão evolutiva pela média regional,Blipbug
827,Nickit,827,comum,Route 5,MAP_ROUTE5,grama/caverna,progressão evolutiva pela média regional,Nickit
828,Thievul,828,comum,Route 5,MAP_ROUTE5,grama/caverna,progressão evolutiva pela média regional,Nickit
829,Gossifleur,829,comum,Two Island,MAP_JOURNEYWORLDSEA02,grama/caverna e água local,progressão evolutiva pela média regional,Gossifleur
830,Eldegoss,830,comum,Two Island,MAP_JOURNEYWORLDSEA02,grama/caverna e água local,progressão evolutiva pela média regional,Gossifleur
831,Wooloo,831,comum,Route 123,MAP_ROUTE123,grama/caverna e água local,progressão evolutiva pela média regional,Wooloo
832,Dubwool,832,comum,Route 123,MAP_ROUTE123,grama/caverna e água local,progressão evolutiva pela média regional,Wooloo
833,Chewtle,833,comum,Route 111,MAP_ROUTE111,grama/caverna e água local,progressão evolutiva pela média regional,Chewtle
834,Drednaw,834,comum,Route 111,MAP_ROUTE111,grama/caverna e água local,progressão evolutiva pela média regional,Chewtle
835,Yamper,835,comum,Six Island,MAP_JOURNEYWORLDSEA06,grama/caverna e água local,progressão evolutiva pela média regional,Yamper
836,Boltund,836,comum,Six Island,MAP_JOURNEYWORLDSEA06,grama/caverna e água local,progressão evolutiva pela média regional,Yamper
837,Rolycoly,837,comum,Kanto Victory Road,MAP_VICTORY_ROAD_1F_FRLG; MAP_VICTORY_ROAD_2F; MAP_VICTORY_ROAD_3F,grama/caverna,progressão evolutiva pela média regional,Rolycoly
838,Carkol,838,comum,Kanto Victory Road,MAP_VICTORY_ROAD_1F_FRLG; MAP_VICTORY_ROAD_2F; MAP_VICTORY_ROAD_3F,grama/caverna,progressão evolutiva pela média regional,Rolycoly
839,Coalossal,839,comum,Kanto Victory Road,MAP_VICTORY_ROAD_1F_FRLG; MAP_VICTORY_ROAD_2F; MAP_VICTORY_ROAD_3F,grama/caverna,progressão evolutiva pela média regional,Rolycoly
840,Applin,840,comum,Route 121,MAP_ROUTE121,grama/caverna e água local,progressão evolutiva pela média regional,Applin
841,Flapple,841,comum,Route 121,MAP_ROUTE121,grama/caverna e água local,progressão evolutiva pela média regional,Applin
842,Appletun,842,comum,Route 121,MAP_ROUTE121,grama/caverna e água local,progressão evolutiva pela média regional,Applin
843,Silicobra,843,comum,Route 117,MAP_ROUTE117,grama/caverna e água local,progressão evolutiva pela média regional,Silicobra
844,Sandaconda,844,comum,Route 117,MAP_ROUTE117,grama/caverna e água local,progressão evolutiva pela média regional,Silicobra
845,Cramorant,845,comum,Outcast Island,MAP_SIX_ISLAND_OUTCAST_ISLAND,Surf/pesca,progressão evolutiva pela média regional,Cramorant
846,Arrokuda,846,comum,Route 102,MAP_ROUTE102,grama/caverna e água local,progressão evolutiva pela média regional,Arrokuda
847,Barraskewda,847,comum,Route 102,MAP_ROUTE102,grama/caverna e água local,progressão evolutiva pela média regional,Arrokuda
848,Toxel,848,comum,Pattern Bush,MAP_SIX_ISLAND_PATTERN_BUSH,grama/caverna,progressão evolutiva pela média regional,Toxel
849,Toxtricity Amped,849,comum,Pattern Bush,MAP_SIX_ISLAND_PATTERN_BUSH,grama/caverna,progressão evolutiva pela média regional,Toxel
850,Sizzlipede,850,comum,Five Island,MAP_FIVE_ISLAND; MAP_JOURNEYWORLDSEA05,grama/caverna e água local,progressão evolutiva pela média regional,Sizzlipede
851,Centiskorch,851,comum,Five Island,MAP_FIVE_ISLAND; MAP_JOURNEYWORLDSEA05,grama/caverna e água local,progressão evolutiva pela média regional,Sizzlipede
852,Clobbopus,852,comum,Seven Island,MAP_JOURNEYWORLDSEA07,grama/caverna e água local,progressão evolutiva pela média regional,Clobbopus
853,Grapploct,853,comum,Seven Island,MAP_JOURNEYWORLDSEA07,grama/caverna e água local,progressão evolutiva pela média regional,Clobbopus
854,Sinistea Phony,854,comum,Route 14,MAP_ROUTE14,grama/caverna,progressão evolutiva pela média regional,Sinistea Phony
855,Polteageist Phony,855,comum,Route 14,MAP_ROUTE14,grama/caverna,progressão evolutiva pela média regional,Sinistea Phony
856,Hatenna,856,comum,Route 4,MAP_ROUTE4,grama/caverna e água local,progressão evolutiva pela média regional,Hatenna
857,Hattrem,857,comum,Route 4,MAP_ROUTE4,grama/caverna e água local,progressão evolutiva pela média regional,Hatenna
858,Hatterene,858,comum,Route 4,MAP_ROUTE4,grama/caverna e água local,progressão evolutiva pela média regional,Hatenna
859,Impidimp,859,comum,Five Isle Meadow,MAP_FIVE_ISLAND_MEADOW,grama/caverna e água local,progressão evolutiva pela média regional,Impidimp
860,Morgrem,860,comum,Five Isle Meadow,MAP_FIVE_ISLAND_MEADOW,grama/caverna e água local,progressão evolutiva pela média regional,Impidimp
861,Grimmsnarl,861,comum,Five Isle Meadow,MAP_FIVE_ISLAND_MEADOW,grama/caverna e água local,progressão evolutiva pela média regional,Impidimp
862,Obstagoon,862,comum,Memorial Pillar,MAP_FIVE_ISLAND_MEMORIAL_PILLAR,grama/caverna e água local,progressão evolutiva pela média regional,Zigzagoon
863,Perrserker,863,comum,Route 8,MAP_ROUTE8,grama/caverna,progressão evolutiva pela média regional,Meowth
864,Cursola,864,comum,Cerulean Cave,MAP_CERULEAN_CAVE_1F; MAP_CERULEAN_CAVE_2F; MAP_CERULEAN_CAVE_B1F,grama/caverna e água local,progressão evolutiva pela média regional,Corsola
865,Sirfetchd,865,comum,Sevault Canyon,MAP_SEVEN_ISLAND_SEVAULT_CANYON,grama/caverna,progressão evolutiva pela média regional,Farfetchd
866,Mr Rime,866,comum,Route 13,MAP_ROUTE13,grama/caverna e água local,progressão evolutiva pela média regional,Mime Jr
867,Runerigus,867,comum,Victory Road,MAP_VICTORY_ROAD_1F; MAP_VICTORY_ROAD_B1F; MAP_VICTORY_ROAD_B2F,grama/caverna e água local,progressão evolutiva pela média regional,Yamask
868,Milcery,868,comum,Route 1,MAP_ROUTE1,grama/caverna,progressão evolutiva pela média regional,Milcery
869,Alcremie Strawberry Vanilla Cream,869,comum,Route 1,MAP_ROUTE1,grama/caverna,progressão evolutiva pela média regional,Milcery
870,Falinks,870,comum,Mt Ember,MAP_MT_EMBER_EXTERIOR; MAP_MT_EMBER_RUBY_PATH_1F; MAP_MT_EMBER_RUBY_PATH_B1F; MAP_MT_EMBER_RUBY_PATH_B1F_STAIRS; MAP_MT_EMBER_RUBY_PATH_B2F; MAP_MT_EMBER_RUBY_PATH_B2F_STAIRS; MAP_MT_EMBER_RUBY_PATH_B3F; MAP_MT_EMBER_SUMMIT_PATH_1F; MAP_MT_EMBER_SUMMIT_PATH_2F; MAP_MT_EMBER_SUMMIT_PATH_3F,grama/caverna,progressão evolutiva pela média regional,Falinks
871,Pincurchin,871,comum,Vermilion City,MAP_JOURNEYWORLDSEA00; MAP_SSANNE_EXTERIOR; MAP_VERMILION_CITY,grama/caverna e água local,progressão evolutiva pela média regional,Pincurchin
872,Snom,872,comum,Route 102,MAP_ROUTE102,grama/caverna e água local,progressão evolutiva pela média regional,Snom
873,Frosmoth,873,comum,Route 102,MAP_ROUTE102,grama/caverna e água local,progressão evolutiva pela média regional,Snom
874,Stonjourner,874,comum,Mt Moon,MAP_MT_MOON_1F; MAP_MT_MOON_B1F; MAP_MT_MOON_B2F,grama/caverna,progressão evolutiva pela média regional,Stonjourner
875,Eiscue Ice,875,comum,New Mauville,MAP_NEW_MAUVILLE_ENTRANCE; MAP_NEW_MAUVILLE_INSIDE,grama/caverna,progressão evolutiva pela média regional,Eiscue Ice
876,Indeedee M,876,comum,Route 112,MAP_ROUTE112,grama/caverna,progressão evolutiva pela média regional,Indeedee M
877,Morpeko Full Belly,877,comum,Route 110,MAP_ROUTE110,grama/caverna e água local,progressão evolutiva pela média regional,Morpeko Full Belly
878,Cufant,878,comum,Route 12,MAP_ROUTE12,grama/caverna e água local,progressão evolutiva pela média regional,Cufant
879,Copperajah,879,comum,Route 12,MAP_ROUTE12,grama/caverna e água local,progressão evolutiva pela média regional,Cufant
880,Dracozolt,880,comum,Route 112,MAP_ROUTE112,grama/caverna,progressão evolutiva pela média regional,Dracozolt
881,Arctozolt,881,comum,Bond Bridge,MAP_THREE_ISLAND_BOND_BRIDGE,grama/caverna e água local,progressão evolutiva pela média regional,Arctozolt
882,Dracovish,882,comum,Water Labyrinth,MAP_FIVE_ISLAND_WATER_LABYRINTH,Surf/pesca,progressão evolutiva pela média regional,Dracovish
883,Arctovish,883,comum,Petalburg City,MAP_PETALBURG_CITY,Surf/pesca,progressão evolutiva pela média regional,Arctovish
884,Duraludon,884,comum,Tanoby Ruins,MAP_SEVEN_ISLAND_TANOBY_RUINS; MAP_SEVEN_ISLAND_TANOBY_RUINS_DILFORD_CHAMBER; MAP_SEVEN_ISLAND_TANOBY_RUINS_LIPTOO_CHAMBER; MAP_SEVEN_ISLAND_TANOBY_RUINS_MONEAN_CHAMBER; MAP_SEVEN_ISLAND_TANOBY_RUINS_RIXY_CHAMBER; MAP_SEVEN_ISLAND_TANOBY_RUINS_SCUFIB_CHAMBER; MAP_SEVEN_ISLAND_TANOBY_RUINS_VIAPOIS_CHAMBER; MAP_SEVEN_ISLAND_TANOBY_RUINS_WEEPTH_CHAMBER,grama/caverna e água local,progressão evolutiva pela média regional,Duraludon
885,Dreepy,885,comum,Mirage Tower,MAP_MIRAGE_TOWER_1F; MAP_MIRAGE_TOWER_2F; MAP_MIRAGE_TOWER_3F; MAP_MIRAGE_TOWER_4F,grama/caverna,progressão evolutiva pela média regional,Dreepy
886,Drakloak,886,comum,Mirage Tower,MAP_MIRAGE_TOWER_1F; MAP_MIRAGE_TOWER_2F; MAP_MIRAGE_TOWER_3F; MAP_MIRAGE_TOWER_4F,grama/caverna,progressão evolutiva pela média regional,Dreepy
887,Dragapult,887,comum,Mirage Tower,MAP_MIRAGE_TOWER_1F; MAP_MIRAGE_TOWER_2F; MAP_MIRAGE_TOWER_3F; MAP_MIRAGE_TOWER_4F,grama/caverna,progressão evolutiva pela média regional,Dreepy
888,Zacian Hero,888,encontro especial,Caverna Aurora,JourneySanctuaryAurora; JourneyWorldSea01,Surf,8 insígnias de Kanto + 8 de Hoenn; antes das Ligas,
889,Zamazenta Hero,889,encontro especial,Caverna Dragoes,JourneySanctuaryDragoes; JourneyWorldSea06,Surf,8 insígnias de Kanto + 8 de Hoenn; antes das Ligas,
890,Eternatus,890,encontro especial,Caverna Origens,JourneySanctuaryOrigens; JourneyHoennMiddleSea,Surf + Dive,8 insígnias de Kanto + 8 de Hoenn; antes das Ligas,
891,Kubfu,891,encontro especial,Caverna Dragoes,JourneySanctuaryDragoes; JourneyWorldSea06,Surf,8 insígnias de Kanto + 8 de Hoenn; antes das Ligas,
892,Urshifu Single Strike,892,encontro especial,Caverna Profundezas,JourneySanctuaryProfundezas; JourneyHoennSouthSea,Surf + Dive,8 insígnias de Kanto + 8 de Hoenn; antes das Ligas,
893,Zarude,893,encontro especial,Caverna Profundezas,JourneySanctuaryProfundezas; JourneyHoennSouthSea,Surf + Dive,8 insígnias de Kanto + 8 de Hoenn; antes das Ligas,
894,Regieleki,894,encontro especial,Caverna Tempestades,JourneySanctuaryTempestades; JourneyWorldSea00,Surf,8 insígnias de Kanto + 8 de Hoenn; antes das Ligas,
895,Regidrago,895,encontro especial,Caverna Origens,JourneySanctuaryOrigens; JourneyHoennMiddleSea,Surf + Dive,8 insígnias de Kanto + 8 de Hoenn; antes das Ligas,
896,Glastrier,896,encontro especial,Caverna Cristais,JourneySanctuaryCristais; JourneyWorldSea08,Surf,8 insígnias de Kanto + 8 de Hoenn; antes das Ligas,
897,Spectrier,897,encontro especial,Caverna Eclipse,JourneySanctuaryEclipse; JourneyWorldSea05,Surf,8 insígnias de Kanto + 8 de Hoenn; antes das Ligas,
898,Calyrex,898,encontro especial,Caverna Floresta,JourneySanctuaryFloresta; JourneyWorldSea04,Surf,8 insígnias de Kanto + 8 de Hoenn; antes das Ligas,
899,Wyrdeer,899,comum,Canyon Entrance,MAP_SEVEN_ISLAND_SEVAULT_CANYON_ENTRANCE,grama/caverna,progressão evolutiva pela média regional,Stantler
900,Kleavor,900,comum,Altering Cave,MAP_ALTERING_CAVE,grama/caverna,progressão evolutiva pela média regional,Scyther
901,Ursaluna,901,comum,Route 4,MAP_ROUTE4,grama/caverna e água local,progressão evolutiva pela média regional,Teddiursa
902,Basculegion M,902,comum,Pallet Town,MAP_PALLET_TOWN,Surf/pesca,progressão evolutiva pela média regional,Basculegion M
903,Sneasler,903,comum,Viridian Forest,MAP_VIRIDIAN_FOREST,grama/caverna,progressão evolutiva pela média regional,Sneasel
904,Overqwil,904,comum,Cave Of Origin,MAP_CAVE_OF_ORIGIN_1F; MAP_CAVE_OF_ORIGIN_ENTRANCE; MAP_CAVE_OF_ORIGIN_UNUSED_RUBY_SAPPHIRE_MAP1; MAP_CAVE_OF_ORIGIN_UNUSED_RUBY_SAPPHIRE_MAP2; MAP_CAVE_OF_ORIGIN_UNUSED_RUBY_SAPPHIRE_MAP3,grama/caverna e água local,progressão evolutiva pela média regional,Qwilfish
905,Enamorus Incarnate,905,encontro especial,Caverna Estrelas,JourneySanctuaryEstrelas; JourneyWorldSea07,Surf,8 insígnias de Kanto + 8 de Hoenn; antes das Ligas,
906,Sprigatito,1289,comum,Three Isle Port,MAP_JOURNEYWORLDSEA03; MAP_THREE_ISLAND_PORT,grama/caverna e água local,progressão evolutiva pela média regional,Sprigatito
907,Floragato,1290,comum,Three Isle Port,MAP_JOURNEYWORLDSEA03; MAP_THREE_ISLAND_PORT,grama/caverna e água local,progressão evolutiva pela média regional,Sprigatito
908,Meowscarada,1291,comum,Three Isle Port,MAP_JOURNEYWORLDSEA03; MAP_THREE_ISLAND_PORT,grama/caverna e água local,progressão evolutiva pela média regional,Sprigatito
909,Fuecoco,1292,comum,Lost Cave,MAP_FIVE_ISLAND_LOST_CAVE_ROOM1; MAP_FIVE_ISLAND_LOST_CAVE_ROOM10; MAP_FIVE_ISLAND_LOST_CAVE_ROOM11; MAP_FIVE_ISLAND_LOST_CAVE_ROOM12; MAP_FIVE_ISLAND_LOST_CAVE_ROOM13; MAP_FIVE_ISLAND_LOST_CAVE_ROOM14; MAP_FIVE_ISLAND_LOST_CAVE_ROOM2; MAP_FIVE_ISLAND_LOST_CAVE_ROOM3; MAP_FIVE_ISLAND_LOST_CAVE_ROOM4; MAP_FIVE_ISLAND_LOST_CAVE_ROOM5; MAP_FIVE_ISLAND_LOST_CAVE_ROOM6; MAP_FIVE_ISLAND_LOST_CAVE_ROOM7; MAP_FIVE_ISLAND_LOST_CAVE_ROOM8; MAP_FIVE_ISLAND_LOST_CAVE_ROOM9,grama/caverna,progressão evolutiva pela média regional,Fuecoco
910,Crocalor,1293,comum,Lost Cave,MAP_FIVE_ISLAND_LOST_CAVE_ROOM1; MAP_FIVE_ISLAND_LOST_CAVE_ROOM10; MAP_FIVE_ISLAND_LOST_CAVE_ROOM11; MAP_FIVE_ISLAND_LOST_CAVE_ROOM12; MAP_FIVE_ISLAND_LOST_CAVE_ROOM13; MAP_FIVE_ISLAND_LOST_CAVE_ROOM14; MAP_FIVE_ISLAND_LOST_CAVE_ROOM2; MAP_FIVE_ISLAND_LOST_CAVE_ROOM3; MAP_FIVE_ISLAND_LOST_CAVE_ROOM4; MAP_FIVE_ISLAND_LOST_CAVE_ROOM5; MAP_FIVE_ISLAND_LOST_CAVE_ROOM6; MAP_FIVE_ISLAND_LOST_CAVE_ROOM7; MAP_FIVE_ISLAND_LOST_CAVE_ROOM8; MAP_FIVE_ISLAND_LOST_CAVE_ROOM9,grama/caverna,progressão evolutiva pela média regional,Fuecoco
911,Skeledirge,1294,comum,Lost Cave,MAP_FIVE_ISLAND_LOST_CAVE_ROOM1; MAP_FIVE_ISLAND_LOST_CAVE_ROOM10; MAP_FIVE_ISLAND_LOST_CAVE_ROOM11; MAP_FIVE_ISLAND_LOST_CAVE_ROOM12; MAP_FIVE_ISLAND_LOST_CAVE_ROOM13; MAP_FIVE_ISLAND_LOST_CAVE_ROOM14; MAP_FIVE_ISLAND_LOST_CAVE_ROOM2; MAP_FIVE_ISLAND_LOST_CAVE_ROOM3; MAP_FIVE_ISLAND_LOST_CAVE_ROOM4; MAP_FIVE_ISLAND_LOST_CAVE_ROOM5; MAP_FIVE_ISLAND_LOST_CAVE_ROOM6; MAP_FIVE_ISLAND_LOST_CAVE_ROOM7; MAP_FIVE_ISLAND_LOST_CAVE_ROOM8; MAP_FIVE_ISLAND_LOST_CAVE_ROOM9,grama/caverna,progressão evolutiva pela média regional,Fuecoco
912,Quaxly,1295,comum,Route 128,MAP_ROUTE128,Surf/pesca,progressão evolutiva pela média regional,Quaxly
913,Quaxwell,1296,comum,Route 128,MAP_ROUTE128,Surf/pesca,progressão evolutiva pela média regional,Quaxly
914,Quaquaval,1297,comum,Route 128,MAP_ROUTE128,Surf/pesca,progressão evolutiva pela média regional,Quaxly
915,Lechonk,1298,comum,Route 5,MAP_ROUTE5,grama/caverna,progressão evolutiva pela média regional,Lechonk
916,Oinkologne M,1299,comum,Route 5,MAP_ROUTE5,grama/caverna,progressão evolutiva pela média regional,Lechonk
917,Tarountula,1301,comum,Water Path,MAP_SIX_ISLAND_WATER_PATH,grama/caverna e água local,progressão evolutiva pela média regional,Tarountula
918,Spidops,1302,comum,Water Path,MAP_SIX_ISLAND_WATER_PATH,grama/caverna e água local,progressão evolutiva pela média regional,Tarountula
919,Nymble,1303,comum,Route 116,MAP_ROUTE116,grama/caverna,progressão evolutiva pela média regional,Nymble
920,Lokix,1304,comum,Route 116,MAP_ROUTE116,grama/caverna,progressão evolutiva pela média regional,Nymble
921,Pawmi,1305,comum,Route 9,MAP_ROUTE9,grama/caverna,progressão evolutiva pela média regional,Pawmi
922,Pawmo,1306,comum,Route 9,MAP_ROUTE9,grama/caverna,progressão evolutiva pela média regional,Pawmi
923,Pawmot,1307,comum,Route 9,MAP_ROUTE9,grama/caverna,progressão evolutiva pela média regional,Pawmi
924,Tandemaus,1308,comum,Route 15,MAP_ROUTE15,grama/caverna,progressão evolutiva pela média regional,Tandemaus
925,Maushold Three,1309,comum,Route 15,MAP_ROUTE15,grama/caverna,progressão evolutiva pela média regional,Tandemaus
926,Fidough,1311,comum,Route 116,MAP_ROUTE116,grama/caverna,progressão evolutiva pela média regional,Fidough
927,Dachsbun,1312,comum,Route 116,MAP_ROUTE116,grama/caverna,progressão evolutiva pela média regional,Fidough
928,Smoliv,1313,comum,Route 18,MAP_ROUTE18,grama/caverna,progressão evolutiva pela média regional,Smoliv
929,Dolliv,1314,comum,Route 18,MAP_ROUTE18,grama/caverna,progressão evolutiva pela média regional,Smoliv
930,Arboliva,1315,comum,Route 18,MAP_ROUTE18,grama/caverna,progressão evolutiva pela média regional,Smoliv
931,Squawkabilly Green,1316,comum,Route 113,MAP_ROUTE113,grama/caverna,progressão evolutiva pela média regional,Squawkabilly Green
932,Nacli,1320,comum,Desert Underpass,MAP_DESERT_UNDERPASS,grama/caverna,progressão evolutiva pela média regional,Nacli
933,Naclstack,1321,comum,Desert Underpass,MAP_DESERT_UNDERPASS,grama/caverna,progressão evolutiva pela média regional,Nacli
934,Garganacl,1322,comum,Desert Underpass,MAP_DESERT_UNDERPASS,grama/caverna,progressão evolutiva pela média regional,Nacli
935,Charcadet,1323,comum,Mt Pyre,MAP_MT_PYRE_1F; MAP_MT_PYRE_2F; MAP_MT_PYRE_3F; MAP_MT_PYRE_4F; MAP_MT_PYRE_5F; MAP_MT_PYRE_6F; MAP_MT_PYRE_EXTERIOR; MAP_MT_PYRE_SUMMIT,grama/caverna,progressão evolutiva pela média regional,Charcadet
936,Armarouge,1324,comum,Mt Pyre,MAP_MT_PYRE_1F; MAP_MT_PYRE_2F; MAP_MT_PYRE_3F; MAP_MT_PYRE_4F; MAP_MT_PYRE_5F; MAP_MT_PYRE_6F; MAP_MT_PYRE_EXTERIOR; MAP_MT_PYRE_SUMMIT,grama/caverna,progressão evolutiva pela média regional,Charcadet
937,Ceruledge,1325,comum,Mt Pyre,MAP_MT_PYRE_1F; MAP_MT_PYRE_2F; MAP_MT_PYRE_3F; MAP_MT_PYRE_4F; MAP_MT_PYRE_5F; MAP_MT_PYRE_6F; MAP_MT_PYRE_EXTERIOR; MAP_MT_PYRE_SUMMIT,grama/caverna,progressão evolutiva pela média regional,Charcadet
938,Tadbulb,1326,comum,Route 1,MAP_ROUTE1,grama/caverna,progressão evolutiva pela média regional,Tadbulb
939,Bellibolt,1327,comum,Route 1,MAP_ROUTE1,grama/caverna,progressão evolutiva pela média regional,Tadbulb
940,Wattrel,1328,comum,Route 103,MAP_ROUTE103,grama/caverna e água local,progressão evolutiva pela média regional,Wattrel
941,Kilowattrel,1329,comum,Route 103,MAP_ROUTE103,grama/caverna e água local,progressão evolutiva pela média regional,Wattrel
942,Maschiff,1330,comum,Route 15,MAP_ROUTE15,grama/caverna,progressão evolutiva pela média regional,Maschiff
943,Mabosstiff,1331,comum,Route 15,MAP_ROUTE15,grama/caverna,progressão evolutiva pela média regional,Maschiff
944,Shroodle,1332,comum,Route 16,MAP_ROUTE16,grama/caverna,progressão evolutiva pela média regional,Shroodle
945,Grafaiai,1333,comum,Route 16,MAP_ROUTE16,grama/caverna,progressão evolutiva pela média regional,Shroodle
946,Bramblin,1334,comum,Route 115,MAP_ROUTE115,grama/caverna e água local,progressão evolutiva pela média regional,Bramblin
947,Brambleghast,1335,comum,Route 115,MAP_ROUTE115,grama/caverna e água local,progressão evolutiva pela média regional,Bramblin
948,Toedscool,1336,comum,Cape Brink,MAP_TWO_ISLAND_CAPE_BRINK,grama/caverna e água local,progressão evolutiva pela média regional,Toedscool
949,Toedscruel,1337,comum,Cape Brink,MAP_TWO_ISLAND_CAPE_BRINK,grama/caverna e água local,progressão evolutiva pela média regional,Toedscool
950,Klawf,1338,comum,Route 103,MAP_ROUTE103,grama/caverna e água local,progressão evolutiva pela média regional,Klawf
951,Capsakid,1339,comum,Route 25,MAP_ROUTE25,grama/caverna e água local,progressão evolutiva pela média regional,Capsakid
952,Scovillain,1340,comum,Route 25,MAP_ROUTE25,grama/caverna e água local,progressão evolutiva pela média regional,Capsakid
953,Rellor,1341,comum,Route 120,MAP_ROUTE120,grama/caverna e água local,progressão evolutiva pela média regional,Rellor
954,Rabsca,1342,comum,Route 120,MAP_ROUTE120,grama/caverna e água local,progressão evolutiva pela média regional,Rellor
955,Flittle,1343,comum,Route 114,MAP_JOURNEYDEWFORDCOAST; MAP_JOURNEYRUSTBOROCOAST; MAP_ROUTE114,grama/caverna e água local,progressão evolutiva pela média regional,Flittle
956,Espathra,1344,comum,Route 114,MAP_JOURNEYDEWFORDCOAST; MAP_JOURNEYRUSTBOROCOAST; MAP_ROUTE114,grama/caverna e água local,progressão evolutiva pela média regional,Flittle
957,Tinkatink,1345,comum,Digletts Cave,MAP_DIGLETTS_CAVE_B1F,grama/caverna,progressão evolutiva pela média regional,Tinkatink
958,Tinkatuff,1346,comum,Digletts Cave,MAP_DIGLETTS_CAVE_B1F,grama/caverna,progressão evolutiva pela média regional,Tinkatink
959,Tinkaton,1347,comum,Digletts Cave,MAP_DIGLETTS_CAVE_B1F,grama/caverna,progressão evolutiva pela média regional,Tinkatink
960,Wiglett,1348,comum,Two Island,MAP_JOURNEYWORLDSEA02,grama/caverna e água local,progressão evolutiva pela média regional,Wiglett
961,Wugtrio,1349,comum,Two Island,MAP_JOURNEYWORLDSEA02,grama/caverna e água local,progressão evolutiva pela média regional,Wiglett
962,Bombirdier,1350,comum,Route 16,MAP_ROUTE16,grama/caverna,progressão evolutiva pela média regional,Bombirdier
963,Finizen,1351,comum,Viridian City,MAP_VIRIDIAN_CITY,Surf/pesca,progressão evolutiva pela média regional,Finizen
964,Palafin Zero,1352,comum,Viridian City,MAP_VIRIDIAN_CITY,Surf/pesca,progressão evolutiva pela média regional,Finizen
965,Varoom,1354,comum,Route 1,MAP_ROUTE1,grama/caverna,progressão evolutiva pela média regional,Varoom
966,Revavroom,1355,comum,Route 1,MAP_ROUTE1,grama/caverna,progressão evolutiva pela média regional,Varoom
967,Cyclizar,1356,comum,Route 5,MAP_ROUTE5,grama/caverna,progressão evolutiva pela média regional,Cyclizar
968,Orthworm,1357,comum,Digletts Cave,MAP_DIGLETTS_CAVE_B1F,grama/caverna,progressão evolutiva pela média regional,Orthworm
969,Glimmet,1358,comum,Petalburg Woods,MAP_PETALBURG_WOODS,grama/caverna,progressão evolutiva pela média regional,Glimmet
970,Glimmora,1359,comum,Petalburg Woods,MAP_PETALBURG_WOODS,grama/caverna,progressão evolutiva pela média regional,Glimmet
971,Greavard,1360,comum,Route 101,MAP_ROUTE101,grama/caverna,progressão evolutiva pela média regional,Greavard
972,Houndstone,1361,comum,Route 101,MAP_ROUTE101,grama/caverna,progressão evolutiva pela média regional,Greavard
973,Flamigo,1362,comum,Route 10,MAP_ROUTE10,grama/caverna e água local,progressão evolutiva pela média regional,Flamigo
974,Cetoddle,1363,comum,Bond Bridge,MAP_THREE_ISLAND_BOND_BRIDGE,grama/caverna e água local,progressão evolutiva pela média regional,Cetoddle
975,Cetitan,1364,comum,Bond Bridge,MAP_THREE_ISLAND_BOND_BRIDGE,grama/caverna e água local,progressão evolutiva pela média regional,Cetoddle
976,Veluza,1365,comum,Route 130,MAP_ROUTE130,grama/caverna e água local,progressão evolutiva pela média regional,Veluza
977,Dondozo,1366,comum,Route 133,MAP_ROUTE133,Surf/pesca,progressão evolutiva pela média regional,Dondozo
978,Tatsugiri Curly,1367,comum,Route 11,MAP_ROUTE11,grama/caverna e água local,progressão evolutiva pela média regional,Tatsugiri Curly
979,Annihilape,1370,comum,Ruin Valley,MAP_SIX_ISLAND_RUIN_VALLEY,grama/caverna e água local,progressão evolutiva pela média regional,Mankey
980,Clodsire,1371,comum,Kindle Road,MAP_ONE_ISLAND_KINDLE_ROAD,grama/caverna e água local,progressão evolutiva pela média regional,Wooper
981,Farigiraf,1372,comum,Route 17,MAP_ROUTE17,grama/caverna,progressão evolutiva pela média regional,Girafarig
982,Dudunsparce Two Segment,1373,comum,Route 9,MAP_ROUTE9,grama/caverna,progressão evolutiva pela média regional,Dunsparce
983,Kingambit,1375,comum,Digletts Cave,MAP_DIGLETTS_CAVE_B1F,grama/caverna,progressão evolutiva pela média regional,Pawniard
984,Great Tusk,1376,comum,Six Island,MAP_JOURNEYWORLDSEA06,grama/caverna e água local,progressão evolutiva pela média regional,Great Tusk
985,Scream Tail,1377,comum,Ruin Valley,MAP_SIX_ISLAND_RUIN_VALLEY,grama/caverna e água local,progressão evolutiva pela média regional,Scream Tail
986,Brute Bonnet,1378,comum,Route 118,MAP_ROUTE118,grama/caverna e água local,progressão evolutiva pela média regional,Brute Bonnet
987,Flutter Mane,1379,comum,New Mauville,MAP_NEW_MAUVILLE_ENTRANCE; MAP_NEW_MAUVILLE_INSIDE,grama/caverna,progressão evolutiva pela média regional,Flutter Mane
988,Slither Wing,1380,comum,Route 24,MAP_ROUTE24,grama/caverna e água local,progressão evolutiva pela média regional,Slither Wing
989,Sandy Shocks,1381,comum,Lost Cave,MAP_FIVE_ISLAND_LOST_CAVE_ROOM1; MAP_FIVE_ISLAND_LOST_CAVE_ROOM10; MAP_FIVE_ISLAND_LOST_CAVE_ROOM11; MAP_FIVE_ISLAND_LOST_CAVE_ROOM12; MAP_FIVE_ISLAND_LOST_CAVE_ROOM13; MAP_FIVE_ISLAND_LOST_CAVE_ROOM14; MAP_FIVE_ISLAND_LOST_CAVE_ROOM2; MAP_FIVE_ISLAND_LOST_CAVE_ROOM3; MAP_FIVE_ISLAND_LOST_CAVE_ROOM4; MAP_FIVE_ISLAND_LOST_CAVE_ROOM5; MAP_FIVE_ISLAND_LOST_CAVE_ROOM6; MAP_FIVE_ISLAND_LOST_CAVE_ROOM7; MAP_FIVE_ISLAND_LOST_CAVE_ROOM8; MAP_FIVE_ISLAND_LOST_CAVE_ROOM9,grama/caverna,progressão evolutiva pela média regional,Sandy Shocks
990,Iron Treads,1382,comum,Desert Underpass,MAP_DESERT_UNDERPASS,grama/caverna,progressão evolutiva pela média regional,Iron Treads
991,Iron Bundle,1383,comum,Route 127,MAP_JOURNEYHOENNMIDDLESEA; MAP_JOURNEYHOENNNORTHSEA; MAP_JOURNEYHOENNSOUTHSEA; MAP_ROUTE127,Surf/pesca,progressão evolutiva pela média regional,Iron Bundle
992,Iron Hands,1384,comum,Three Isle Port,MAP_JOURNEYWORLDSEA03; MAP_THREE_ISLAND_PORT,grama/caverna e água local,progressão evolutiva pela média regional,Iron Hands
993,Iron Jugulis,1385,comum,Route 130,MAP_ROUTE130,grama/caverna e água local,progressão evolutiva pela média regional,Iron Jugulis
994,Iron Moth,1386,comum,Route 119,MAP_ROUTE119,grama/caverna e água local,progressão evolutiva pela média regional,Iron Moth
995,Iron Thorns,1387,comum,Route 123,MAP_ROUTE123,grama/caverna e água local,progressão evolutiva pela média regional,Iron Thorns
996,Frigibax,1388,comum,Kindle Road,MAP_ONE_ISLAND_KINDLE_ROAD,grama/caverna e água local,progressão evolutiva pela média regional,Frigibax
997,Arctibax,1389,comum,Kindle Road,MAP_ONE_ISLAND_KINDLE_ROAD,grama/caverna e água local,progressão evolutiva pela média regional,Frigibax
998,Baxcalibur,1390,comum,Kindle Road,MAP_ONE_ISLAND_KINDLE_ROAD,grama/caverna e água local,progressão evolutiva pela média regional,Frigibax
999,Gimmighoul Chest,1391,comum,Mirage Tower,MAP_MIRAGE_TOWER_1F; MAP_MIRAGE_TOWER_2F; MAP_MIRAGE_TOWER_3F; MAP_MIRAGE_TOWER_4F,grama/caverna,progressão evolutiva pela média regional,Gimmighoul Chest
1000,Gholdengo,1393,comum,Mirage Tower,MAP_MIRAGE_TOWER_1F; MAP_MIRAGE_TOWER_2F; MAP_MIRAGE_TOWER_3F; MAP_MIRAGE_TOWER_4F,grama/caverna,progressão evolutiva pela média regional,Gimmighoul Chest
1001,Wo Chien,1394,encontro especial,Caverna Profundezas,JourneySanctuaryProfundezas; JourneyHoennSouthSea,Surf + Dive,8 insígnias de Kanto + 8 de Hoenn; antes das Ligas,
1002,Chien Pao,1395,encontro especial,Caverna Cristais,JourneySanctuaryCristais; JourneyWorldSea08,Surf,8 insígnias de Kanto + 8 de Hoenn; antes das Ligas,
1003,Ting Lu,1396,encontro especial,Caverna Vulcao,JourneySanctuaryVulcao; JourneyWorldSea02,Surf,8 insígnias de Kanto + 8 de Hoenn; antes das Ligas,
1004,Chi Yu,1397,encontro especial,Caverna Vulcao,JourneySanctuaryVulcao; JourneyWorldSea02,Surf,8 insígnias de Kanto + 8 de Hoenn; antes das Ligas,
1005,Roaring Moon,1398,comum,Mirage Tower,MAP_MIRAGE_TOWER_1F; MAP_MIRAGE_TOWER_2F; MAP_MIRAGE_TOWER_3F; MAP_MIRAGE_TOWER_4F,grama/caverna,progressão evolutiva pela média regional,Roaring Moon
1006,Iron Valiant,1399,comum,New Mauville,MAP_NEW_MAUVILLE_ENTRANCE; MAP_NEW_MAUVILLE_INSIDE,grama/caverna,progressão evolutiva pela média regional,Iron Valiant
1007,Koraidon,1400,encontro especial,Caverna Dragoes,JourneySanctuaryDragoes; JourneyWorldSea06,Surf,8 insígnias de Kanto + 8 de Hoenn; antes das Ligas,
1008,Miraidon,1401,encontro especial,Caverna Origens,JourneySanctuaryOrigens; JourneyHoennMiddleSea,Surf + Dive,8 insígnias de Kanto + 8 de Hoenn; antes das Ligas,
1009,Walking Wake,1406,comum,Green Path,MAP_SIX_ISLAND_GREEN_PATH,Surf/pesca,progressão evolutiva pela média regional,Walking Wake
1010,Iron Leaves,1407,comum,Route 8,MAP_ROUTE8,grama/caverna,progressão evolutiva pela média regional,Iron Leaves
1011,Dipplin,1408,comum,Route 121,MAP_ROUTE121,grama/caverna e água local,progressão evolutiva pela média regional,Applin
1012,Poltchageist Counterfeit,1409,comum,Route 3,MAP_ROUTE3,grama/caverna,progressão evolutiva pela média regional,Poltchageist Counterfeit
1013,Sinistcha Unremarkable,1411,comum,Route 3,MAP_ROUTE3,grama/caverna,progressão evolutiva pela média regional,Poltchageist Counterfeit
1014,Okidogi,1413,encontro especial,Caverna Abismo,JourneySanctuaryAbismo; JourneyDewfordCoast,Surf + Dive,8 insígnias de Kanto + 8 de Hoenn; antes das Ligas,
1015,Munkidori,1414,encontro especial,Caverna Dimensoes,JourneySanctuaryDimensoes; JourneyRustboroCoast,Surf + Dive,8 insígnias de Kanto + 8 de Hoenn; antes das Ligas,
1016,Fezandipiti,1415,encontro especial,Caverna Aurora,JourneySanctuaryAurora; JourneyWorldSea01,Surf,8 insígnias de Kanto + 8 de Hoenn; antes das Ligas,
1017,Ogerpon Teal,1416,encontro especial,Caverna Floresta,JourneySanctuaryFloresta; JourneyWorldSea04,Surf,8 insígnias de Kanto + 8 de Hoenn; antes das Ligas,
1018,Archaludon,1425,comum,Tanoby Ruins,MAP_SEVEN_ISLAND_TANOBY_RUINS; MAP_SEVEN_ISLAND_TANOBY_RUINS_DILFORD_CHAMBER; MAP_SEVEN_ISLAND_TANOBY_RUINS_LIPTOO_CHAMBER; MAP_SEVEN_ISLAND_TANOBY_RUINS_MONEAN_CHAMBER; MAP_SEVEN_ISLAND_TANOBY_RUINS_RIXY_CHAMBER; MAP_SEVEN_ISLAND_TANOBY_RUINS_SCUFIB_CHAMBER; MAP_SEVEN_ISLAND_TANOBY_RUINS_VIAPOIS_CHAMBER; MAP_SEVEN_ISLAND_TANOBY_RUINS_WEEPTH_CHAMBER,grama/caverna e água local,progressão evolutiva pela média regional,Duraludon
1019,Hydrapple,1426,comum,Route 121,MAP_ROUTE121,grama/caverna e água local,progressão evolutiva pela média regional,Applin
1020,Gouging Fire,1427,comum,Rock Tunnel,MAP_ROCK_TUNNEL_1F; MAP_ROCK_TUNNEL_B1F,grama/caverna,progressão evolutiva pela média regional,Gouging Fire
1021,Raging Bolt,1428,comum,Route 17,MAP_ROUTE17,grama/caverna,progressão evolutiva pela média regional,Raging Bolt
1022,Iron Boulder,1429,comum,Mirage Tower,MAP_MIRAGE_TOWER_1F; MAP_MIRAGE_TOWER_2F; MAP_MIRAGE_TOWER_3F; MAP_MIRAGE_TOWER_4F,grama/caverna,progressão evolutiva pela média regional,Iron Boulder
1023,Iron Crown,1430,comum,Pokemon Tower,MAP_POKEMON_TOWER_3F; MAP_POKEMON_TOWER_4F; MAP_POKEMON_TOWER_5F; MAP_POKEMON_TOWER_6F; MAP_POKEMON_TOWER_7F,grama/caverna,progressão evolutiva pela média regional,Iron Crown
1024,Terapagos Normal,1431,encontro especial,Caverna Mares,JourneySanctuaryMares; JourneyHoennNorthSea,Surf + Dive,8 insígnias de Kanto + 8 de Hoenn; antes das Ligas,
1025,Pecharunt,1434,encontro especial,Caverna Eclipse,JourneySanctuaryEclipse; JourneyWorldSea05,Surf,8 insígnias de Kanto + 8 de Hoenn; antes das Ligas,
